-- SLY CLOTHING Autogenerated Seed Data (110 Streetwear Products)
-- Aligned with Design System & Visual Style tokens
-- Database: sly_clothing

USE `sly_clothing`;

-- Enable multiple statements
SET FOREIGN_KEY_CHECKS = 0;
TRUNCATE TABLE `order_items`;
TRUNCATE TABLE `orders`;
TRUNCATE TABLE `cart_items`;
TRUNCATE TABLE `product_variants`;
TRUNCATE TABLE `product_images`;
TRUNCATE TABLE `products`;
TRUNCATE TABLE `categories`;
TRUNCATE TABLE `customer_loyalty`;
TRUNCATE TABLE `user_roles`;
TRUNCATE TABLE `users`;
TRUNCATE TABLE `role_permissions`;
TRUNCATE TABLE `permissions`;
TRUNCATE TABLE `roles`;
SET FOREIGN_KEY_CHECKS = 1;

-- ==========================================
-- 1. ACCESS CONTROL & RBAC/RPAC TABLES
-- ==========================================
INSERT INTO `roles` (`id`, `name`, `description`) VALUES
(1, 'admin', 'System Administrator with full access rights'),
(2, 'staff', 'Staff Member to manage products and orders'),
(3, 'customer', 'Registered E-commerce Customer');

INSERT INTO `permissions` (`id`, `name`, `description`) VALUES
(1, 'manage_products', 'Create, update, and delete product catalog items'),
(2, 'manage_orders', 'View, update status, and manage customer orders'),
(3, 'view_analytics', 'View user behavior logs and business dashboards'),
(4, 'edit_users', 'Manage user accounts, roles, and status'),
(5, 'checkout', 'Place orders and manage personal cart items'),
(6, 'track_own_order', 'Track personal order history and current deliveries');

INSERT INTO `role_permissions` (`role_id`, `permission_id`) VALUES
(1, 1), (1, 2), (1, 3), (1, 4), (1, 5), (1, 6),
(2, 1), (2, 2), (2, 6),
(3, 5), (3, 6);

-- ==========================================
-- 2. SEED MEMBERSHIP TIERS
-- ==========================================
INSERT INTO `membership_tiers` (`id`, `name`, `min_points`, `discount_percentage`) VALUES
(1, 'Bronze', 0, 0.00),
(2, 'Silver', 1000, 5.00),
(3, 'Gold', 5000, 10.00),
(4, 'Platinum', 12000, 15.00);

-- ==========================================
-- 3. SEED USERS & LOYALTY RECORDS
-- ==========================================
INSERT INTO `users` (`id`, `name`, `email`, `phone`, `password_hash`, `status`) VALUES
(1, 'SLY Admin', 'admin@slyclothing.vn', '0901234567', '$2y$10$qkdRs0Ne1NAO4yhuR3LtvOyZpmrNeF94AAuObouuqpXeCyDXhfOc6', 'active'),
(2, 'Nguyen Van A', 'customer1@gmail.com', '0987654321', '$2y$10$PKFxENYEJIJQ5PKGcg851eIc8EUpoS6RkvaI2srACmdAox.lc8gZi', 'active');

INSERT INTO `user_roles` (`user_id`, `role_id`) VALUES
(1, 1),
(2, 3);

INSERT INTO `customer_loyalty` (`user_id`, `current_points`, `lifetime_points`, `membership_tier_id`) VALUES
(2, 250, 250, 1);

-- ==========================================
-- 4. SEED CATEGORIES (Streetwear Sitemap)
-- ==========================================
-- Insert Parent categories
INSERT INTO `categories` (`id`, `parent_id`, `name`, `slug`, `description`) VALUES (10, NULL, 'Tops', 'tops', 'Áo thun, áo polo, áo sơ mi phom rộng.');
INSERT INTO `categories` (`id`, `parent_id`, `name`, `slug`, `description`) VALUES (20, NULL, 'Outwears', 'outwears', 'Áo khoác, hoodie, sweater nỉ đường phố.');
INSERT INTO `categories` (`id`, `parent_id`, `name`, `slug`, `description`) VALUES (30, NULL, 'Bottoms', 'bottoms', 'Quần ngắn, quần dài phom dáng thoải mái.');
INSERT INTO `categories` (`id`, `parent_id`, `name`, `slug`, `description`) VALUES (40, NULL, 'Accessories', 'accessories', 'Phụ kiện mũ, ví, balo thời trang.');

-- Insert Subcategories
INSERT INTO `categories` (`id`, `parent_id`, `name`, `slug`, `description`) VALUES (11, 10, 'T-Shirt', 'tee', 'Áo thun oversized, graphic tee chất lượng cao.');
INSERT INTO `categories` (`id`, `parent_id`, `name`, `slug`, `description`) VALUES (12, 10, 'Polo', 'polo', 'Áo polo cổ bẻ phom rộng lịch sự, phong cách đường phố.');
INSERT INTO `categories` (`id`, `parent_id`, `name`, `slug`, `description`) VALUES (13, 10, 'Shirt', 'shirt', 'Áo sơ mi streetwear, sơ mi flannel hoạ tiết cá tính.');
INSERT INTO `categories` (`id`, `parent_id`, `name`, `slug`, `description`) VALUES (21, 20, 'Hoodie', 'hoodie', 'Áo hoodie nỉ bông ấm áp, thoải mái.');
INSERT INTO `categories` (`id`, `parent_id`, `name`, `slug`, `description`) VALUES (22, 20, 'Jacket', 'jacket', 'Áo khoác dù bomber, varsity jacket phong trần.');
INSERT INTO `categories` (`id`, `parent_id`, `name`, `slug`, `description`) VALUES (23, 20, 'Sweater', 'sweater', 'Áo nỉ sweater cổ tròn, phom rộng basic.');
INSERT INTO `categories` (`id`, `parent_id`, `name`, `slug`, `description`) VALUES (31, 30, 'Short', 'short', 'Quần đùi, quần short nỉ, quần short túi hộp năng động.');
INSERT INTO `categories` (`id`, `parent_id`, `name`, `slug`, `description`) VALUES (32, 30, 'Pant', 'pant', 'Quần dài cargo pants, quần jean ống rộng, sweatpants.');
INSERT INTO `categories` (`id`, `parent_id`, `name`, `slug`, `description`) VALUES (41, 40, 'Wallet', 'wallet', 'Ví da mini, ví dù gập gọn phong cách streetwear.');
INSERT INTO `categories` (`id`, `parent_id`, `name`, `slug`, `description`) VALUES (42, 40, 'Cap', 'cap', 'Mũ lưỡi trai, mũ bucket hat thêu logo sắc nét.');
INSERT INTO `categories` (`id`, `parent_id`, `name`, `slug`, `description`) VALUES (43, 40, 'Backpacks', 'backpacks', 'Balo canvas, balo dù chống nước đa chức năng.');

-- ==========================================
-- 5. SEED STREETWEAR PRODUCTS (110 Products)
-- ==========================================

-- Products for Subcategory: T-Shirt
INSERT INTO `products` (`id`, `category_id`, `name`, `slug`, `description`, `price`, `sale_price`, `is_new`, `is_sale`, `status`) VALUES (1, 11, 'SLY Classic Logo Tee', 'tee-classic-logo-tee-1', 'Sản phẩm nằm trong bộ sưu tập mới của SLY. Chất liệu cao cấp chuẩn streetwear phom rộng phong cách cá tính.', 350000.00, NULL, 1, 0, 'active');
INSERT INTO `products` (`id`, `category_id`, `name`, `slug`, `description`, `price`, `sale_price`, `is_new`, `is_sale`, `status`) VALUES (2, 11, 'SLY Outline Graphic Tee', 'tee-outline-graphic-tee-2', 'Sản phẩm nằm trong bộ sưu tập mới của SLY. Chất liệu cao cấp chuẩn streetwear phom rộng phong cách cá tính.', 380000.00, 299000.00, 0, 1, 'active');
INSERT INTO `products` (`id`, `category_id`, `name`, `slug`, `description`, `price`, `sale_price`, `is_new`, `is_sale`, `status`) VALUES (3, 11, 'SLY Oversized Boxy Tee', 'tee-oversized-boxy-tee-3', 'Sản phẩm nằm trong bộ sưu tập mới của SLY. Chất liệu cao cấp chuẩn streetwear phom rộng phong cách cá tính.', 390000.00, NULL, 0, 0, 'active');
INSERT INTO `products` (`id`, `category_id`, `name`, `slug`, `description`, `price`, `sale_price`, `is_new`, `is_sale`, `status`) VALUES (4, 11, 'SLY Cyberpunk Print Tee', 'tee-cyberpunk-print-tee-4', 'Sản phẩm nằm trong bộ sưu tập mới của SLY. Chất liệu cao cấp chuẩn streetwear phom rộng phong cách cá tính.', 420000.00, 350000.00, 1, 1, 'active');
INSERT INTO `products` (`id`, `category_id`, `name`, `slug`, `description`, `price`, `sale_price`, `is_new`, `is_sale`, `status`) VALUES (5, 11, 'SLY Minimalist Pocket Tee', 'tee-minimalist-pocket-tee-5', 'Sản phẩm nằm trong bộ sưu tập mới của SLY. Chất liệu cao cấp chuẩn streetwear phom rộng phong cách cá tính.', 320000.00, NULL, 0, 0, 'active');
INSERT INTO `products` (`id`, `category_id`, `name`, `slug`, `description`, `price`, `sale_price`, `is_new`, `is_sale`, `status`) VALUES (6, 11, 'SLY Street Culture Tee', 'tee-street-culture-tee-6', 'Sản phẩm nằm trong bộ sưu tập mới của SLY. Chất liệu cao cấp chuẩn streetwear phom rộng phong cách cá tính.', 360000.00, 270000.00, 0, 1, 'active');
INSERT INTO `products` (`id`, `category_id`, `name`, `slug`, `description`, `price`, `sale_price`, `is_new`, `is_sale`, `status`) VALUES (7, 11, 'SLY Acid Wash Vintage Tee', 'tee-acid-wash-vintage-tee-7', 'Sản phẩm nằm trong bộ sưu tập mới của SLY. Chất liệu cao cấp chuẩn streetwear phom rộng phong cách cá tính.', 450000.00, NULL, 1, 0, 'active');
INSERT INTO `products` (`id`, `category_id`, `name`, `slug`, `description`, `price`, `sale_price`, `is_new`, `is_sale`, `status`) VALUES (8, 11, 'SLY Typography Heavy Tee', 'tee-typography-heavy-tee-8', 'Sản phẩm nằm trong bộ sưu tập mới của SLY. Chất liệu cao cấp chuẩn streetwear phom rộng phong cách cá tính.', 370000.00, NULL, 0, 0, 'active');
INSERT INTO `products` (`id`, `category_id`, `name`, `slug`, `description`, `price`, `sale_price`, `is_new`, `is_sale`, `status`) VALUES (9, 11, 'SLY Retro Collage Tee', 'tee-retro-collage-tee-9', 'Sản phẩm nằm trong bộ sưu tập mới của SLY. Chất liệu cao cấp chuẩn streetwear phom rộng phong cách cá tính.', 400000.00, 310000.00, 0, 1, 'active');
INSERT INTO `products` (`id`, `category_id`, `name`, `slug`, `description`, `price`, `sale_price`, `is_new`, `is_sale`, `status`) VALUES (10, 11, 'SLY Reflective Signature Tee', 'tee-reflective-signature-tee-10', 'Sản phẩm nằm trong bộ sưu tập mới của SLY. Chất liệu cao cấp chuẩn streetwear phom rộng phong cách cá tính.', 430000.00, NULL, 1, 0, 'active');

-- Products for Subcategory: Polo
INSERT INTO `products` (`id`, `category_id`, `name`, `slug`, `description`, `price`, `sale_price`, `is_new`, `is_sale`, `status`) VALUES (11, 12, 'SLY Urban Zip Polo', 'polo-urban-zip-polo-1', 'Sản phẩm nằm trong bộ sưu tập mới của SLY. Chất liệu cao cấp chuẩn streetwear phom rộng phong cách cá tính.', 380000.00, NULL, 1, 0, 'active');
INSERT INTO `products` (`id`, `category_id`, `name`, `slug`, `description`, `price`, `sale_price`, `is_new`, `is_sale`, `status`) VALUES (12, 12, 'SLY Retro Striped Polo', 'polo-retro-striped-polo-2', 'Sản phẩm nằm trong bộ sưu tập mới của SLY. Chất liệu cao cấp chuẩn streetwear phom rộng phong cách cá tính.', 420000.00, 320000.00, 0, 1, 'active');
INSERT INTO `products` (`id`, `category_id`, `name`, `slug`, `description`, `price`, `sale_price`, `is_new`, `is_sale`, `status`) VALUES (13, 12, 'SLY Basic Knit Polo', 'polo-basic-knit-polo-3', 'Sản phẩm nằm trong bộ sưu tập mới của SLY. Chất liệu cao cấp chuẩn streetwear phom rộng phong cách cá tính.', 390000.00, NULL, 0, 0, 'active');
INSERT INTO `products` (`id`, `category_id`, `name`, `slug`, `description`, `price`, `sale_price`, `is_new`, `is_sale`, `status`) VALUES (14, 12, 'SLY Heavy Cotton Polo', 'polo-heavy-cotton-polo-4', 'Sản phẩm nằm trong bộ sưu tập mới của SLY. Chất liệu cao cấp chuẩn streetwear phom rộng phong cách cá tính.', 450000.00, 380000.00, 1, 1, 'active');
INSERT INTO `products` (`id`, `category_id`, `name`, `slug`, `description`, `price`, `sale_price`, `is_new`, `is_sale`, `status`) VALUES (15, 12, 'SLY Contrast Collar Polo', 'polo-contrast-collar-polo-5', 'Sản phẩm nằm trong bộ sưu tập mới của SLY. Chất liệu cao cấp chuẩn streetwear phom rộng phong cách cá tính.', 410000.00, NULL, 0, 0, 'active');
INSERT INTO `products` (`id`, `category_id`, `name`, `slug`, `description`, `price`, `sale_price`, `is_new`, `is_sale`, `status`) VALUES (16, 12, 'SLY Streetwear Polo Sport', 'polo-streetwear-polo-sport-6', 'Sản phẩm nằm trong bộ sưu tập mới của SLY. Chất liệu cao cấp chuẩn streetwear phom rộng phong cách cá tính.', 430000.00, NULL, 0, 0, 'active');
INSERT INTO `products` (`id`, `category_id`, `name`, `slug`, `description`, `price`, `sale_price`, `is_new`, `is_sale`, `status`) VALUES (17, 12, 'SLY Cozy Oversized Polo', 'polo-cozy-oversized-polo-7', 'Sản phẩm nằm trong bộ sưu tập mới của SLY. Chất liệu cao cấp chuẩn streetwear phom rộng phong cách cá tính.', 480000.00, 390000.00, 1, 1, 'active');
INSERT INTO `products` (`id`, `category_id`, `name`, `slug`, `description`, `price`, `sale_price`, `is_new`, `is_sale`, `status`) VALUES (18, 12, 'SLY Acid Wash Polo', 'polo-acid-wash-polo-8', 'Sản phẩm nằm trong bộ sưu tập mới của SLY. Chất liệu cao cấp chuẩn streetwear phom rộng phong cách cá tính.', 470000.00, NULL, 0, 0, 'active');
INSERT INTO `products` (`id`, `category_id`, `name`, `slug`, `description`, `price`, `sale_price`, `is_new`, `is_sale`, `status`) VALUES (19, 12, 'SLY Cargo Pocket Polo', 'polo-cargo-pocket-polo-9', 'Sản phẩm nằm trong bộ sưu tập mới của SLY. Chất liệu cao cấp chuẩn streetwear phom rộng phong cách cá tính.', 440000.00, NULL, 0, 0, 'active');
INSERT INTO `products` (`id`, `category_id`, `name`, `slug`, `description`, `price`, `sale_price`, `is_new`, `is_sale`, `status`) VALUES (20, 12, 'SLY Embroidered Crest Polo', 'polo-embroidered-crest-polo-10', 'Sản phẩm nằm trong bộ sưu tập mới của SLY. Chất liệu cao cấp chuẩn streetwear phom rộng phong cách cá tính.', 460000.00, 350000.00, 1, 1, 'active');

-- Products for Subcategory: Shirt
INSERT INTO `products` (`id`, `category_id`, `name`, `slug`, `description`, `price`, `sale_price`, `is_new`, `is_sale`, `status`) VALUES (21, 13, 'SLY Classic Flannel Shirt', 'shirt-classic-flannel-shirt-1', 'Sản phẩm nằm trong bộ sưu tập mới của SLY. Chất liệu cao cấp chuẩn streetwear phom rộng phong cách cá tính.', 450000.00, NULL, 1, 0, 'active');
INSERT INTO `products` (`id`, `category_id`, `name`, `slug`, `description`, `price`, `sale_price`, `is_new`, `is_sale`, `status`) VALUES (22, 13, 'SLY Street Utility Shirt', 'shirt-street-utility-shirt-2', 'Sản phẩm nằm trong bộ sưu tập mới của SLY. Chất liệu cao cấp chuẩn streetwear phom rộng phong cách cá tính.', 490000.00, 399000.00, 0, 1, 'active');
INSERT INTO `products` (`id`, `category_id`, `name`, `slug`, `description`, `price`, `sale_price`, `is_new`, `is_sale`, `status`) VALUES (23, 13, 'SLY Oversized Bowling Shirt', 'shirt-oversized-bowling-shirt-3', 'Sản phẩm nằm trong bộ sưu tập mới của SLY. Chất liệu cao cấp chuẩn streetwear phom rộng phong cách cá tính.', 420000.00, NULL, 0, 0, 'active');
INSERT INTO `products` (`id`, `category_id`, `name`, `slug`, `description`, `price`, `sale_price`, `is_new`, `is_sale`, `status`) VALUES (24, 13, 'SLY Cargo Pocket Workshirt', 'shirt-cargo-pocket-workshirt-4', 'Sản phẩm nằm trong bộ sưu tập mới của SLY. Chất liệu cao cấp chuẩn streetwear phom rộng phong cách cá tính.', 520000.00, 450000.00, 1, 1, 'active');
INSERT INTO `products` (`id`, `category_id`, `name`, `slug`, `description`, `price`, `sale_price`, `is_new`, `is_sale`, `status`) VALUES (25, 13, 'SLY Distressed Denim Shirt', 'shirt-distressed-denim-shirt-5', 'Sản phẩm nằm trong bộ sưu tập mới của SLY. Chất liệu cao cấp chuẩn streetwear phom rộng phong cách cá tính.', 550000.00, NULL, 0, 0, 'active');
INSERT INTO `products` (`id`, `category_id`, `name`, `slug`, `description`, `price`, `sale_price`, `is_new`, `is_sale`, `status`) VALUES (26, 13, 'SLY Stripe Loose Fit Shirt', 'shirt-stripe-loose-fit-shirt-6', 'Sản phẩm nằm trong bộ sưu tập mới của SLY. Chất liệu cao cấp chuẩn streetwear phom rộng phong cách cá tính.', 440000.00, NULL, 0, 0, 'active');
INSERT INTO `products` (`id`, `category_id`, `name`, `slug`, `description`, `price`, `sale_price`, `is_new`, `is_sale`, `status`) VALUES (27, 13, 'SLY Paisley Print Street Shirt', 'shirt-paisley-print-street-shirt-7', 'Sản phẩm nằm trong bộ sưu tập mới của SLY. Chất liệu cao cấp chuẩn streetwear phom rộng phong cách cá tính.', 470000.00, 380000.00, 1, 1, 'active');
INSERT INTO `products` (`id`, `category_id`, `name`, `slug`, `description`, `price`, `sale_price`, `is_new`, `is_sale`, `status`) VALUES (28, 13, 'SLY Techwear Buckle Shirt', 'shirt-techwear-buckle-shirt-8', 'Sản phẩm nằm trong bộ sưu tập mới của SLY. Chất liệu cao cấp chuẩn streetwear phom rộng phong cách cá tính.', 580000.00, NULL, 0, 0, 'active');
INSERT INTO `products` (`id`, `category_id`, `name`, `slug`, `description`, `price`, `sale_price`, `is_new`, `is_sale`, `status`) VALUES (29, 13, 'SLY Corduroy Overshirt', 'shirt-corduroy-overshirt-9', 'Sản phẩm nằm trong bộ sưu tập mới của SLY. Chất liệu cao cấp chuẩn streetwear phom rộng phong cách cá tính.', 560000.00, 480000.00, 0, 1, 'active');
INSERT INTO `products` (`id`, `category_id`, `name`, `slug`, `description`, `price`, `sale_price`, `is_new`, `is_sale`, `status`) VALUES (30, 13, 'SLY Minimalist Collarless Shirt', 'shirt-minimalist-collarless-shirt-10', 'Sản phẩm nằm trong bộ sưu tập mới của SLY. Chất liệu cao cấp chuẩn streetwear phom rộng phong cách cá tính.', 410000.00, NULL, 1, 0, 'active');

-- Products for Subcategory: Hoodie
INSERT INTO `products` (`id`, `category_id`, `name`, `slug`, `description`, `price`, `sale_price`, `is_new`, `is_sale`, `status`) VALUES (31, 21, 'SLY Heavy Fleece Hoodie', 'hoodie-heavy-fleece-hoodie-1', 'Sản phẩm nằm trong bộ sưu tập mới của SLY. Chất liệu cao cấp chuẩn streetwear phom rộng phong cách cá tính.', 650000.00, 499000.00, 1, 1, 'active');
INSERT INTO `products` (`id`, `category_id`, `name`, `slug`, `description`, `price`, `sale_price`, `is_new`, `is_sale`, `status`) VALUES (32, 21, 'SLY Cyber Skull Hoodie', 'hoodie-cyber-skull-hoodie-2', 'Sản phẩm nằm trong bộ sưu tập mới của SLY. Chất liệu cao cấp chuẩn streetwear phom rộng phong cách cá tính.', 690000.00, NULL, 0, 0, 'active');
INSERT INTO `products` (`id`, `category_id`, `name`, `slug`, `description`, `price`, `sale_price`, `is_new`, `is_sale`, `status`) VALUES (33, 21, 'SLY Oversized Neon Hoodie', 'hoodie-oversized-neon-hoodie-3', 'Sản phẩm nằm trong bộ sưu tập mới của SLY. Chất liệu cao cấp chuẩn streetwear phom rộng phong cách cá tính.', 620000.00, 450000.00, 0, 1, 'active');
INSERT INTO `products` (`id`, `category_id`, `name`, `slug`, `description`, `price`, `sale_price`, `is_new`, `is_sale`, `status`) VALUES (34, 21, 'SLY Acid Wash Boxy Hoodie', 'hoodie-acid-wash-boxy-hoodie-4', 'Sản phẩm nằm trong bộ sưu tập mới của SLY. Chất liệu cao cấp chuẩn streetwear phom rộng phong cách cá tính.', 720000.00, NULL, 1, 0, 'active');
INSERT INTO `products` (`id`, `category_id`, `name`, `slug`, `description`, `price`, `sale_price`, `is_new`, `is_sale`, `status`) VALUES (35, 21, 'SLY Distressed Edge Hoodie', 'hoodie-distressed-edge-hoodie-5', 'Sản phẩm nằm trong bộ sưu tập mới của SLY. Chất liệu cao cấp chuẩn streetwear phom rộng phong cách cá tính.', 680000.00, 520000.00, 0, 1, 'active');
INSERT INTO `products` (`id`, `category_id`, `name`, `slug`, `description`, `price`, `sale_price`, `is_new`, `is_sale`, `status`) VALUES (36, 21, 'SLY Utility Pocket Hoodie', 'hoodie-utility-pocket-hoodie-6', 'Sản phẩm nằm trong bộ sưu tập mới của SLY. Chất liệu cao cấp chuẩn streetwear phom rộng phong cách cá tính.', 750000.00, NULL, 0, 0, 'active');
INSERT INTO `products` (`id`, `category_id`, `name`, `slug`, `description`, `price`, `sale_price`, `is_new`, `is_sale`, `status`) VALUES (37, 21, 'SLY Velvet Street Hoodie', 'hoodie-velvet-street-hoodie-7', 'Sản phẩm nằm trong bộ sưu tập mới của SLY. Chất liệu cao cấp chuẩn streetwear phom rộng phong cách cá tính.', 780000.00, 610000.00, 1, 1, 'active');
INSERT INTO `products` (`id`, `category_id`, `name`, `slug`, `description`, `price`, `sale_price`, `is_new`, `is_sale`, `status`) VALUES (38, 21, 'SLY Signature Kanji Hoodie', 'hoodie-signature-kanji-hoodie-8', 'Sản phẩm nằm trong bộ sưu tập mới của SLY. Chất liệu cao cấp chuẩn streetwear phom rộng phong cách cá tính.', 670000.00, NULL, 0, 0, 'active');
INSERT INTO `products` (`id`, `category_id`, `name`, `slug`, `description`, `price`, `sale_price`, `is_new`, `is_sale`, `status`) VALUES (39, 21, 'SLY Tech Half-Zip Hoodie', 'hoodie-tech-half-zip-hoodie-9', 'Sản phẩm nằm trong bộ sưu tập mới của SLY. Chất liệu cao cấp chuẩn streetwear phom rộng phong cách cá tính.', 790000.00, 650000.00, 0, 1, 'active');
INSERT INTO `products` (`id`, `category_id`, `name`, `slug`, `description`, `price`, `sale_price`, `is_new`, `is_sale`, `status`) VALUES (40, 21, 'SLY Thermal Waffle Hoodie', 'hoodie-thermal-waffle-hoodie-10', 'Sản phẩm nằm trong bộ sưu tập mới của SLY. Chất liệu cao cấp chuẩn streetwear phom rộng phong cách cá tính.', 600000.00, NULL, 1, 0, 'active');

-- Products for Subcategory: Jacket
INSERT INTO `products` (`id`, `category_id`, `name`, `slug`, `description`, `price`, `sale_price`, `is_new`, `is_sale`, `status`) VALUES (41, 22, 'SLY Techwear Utility Jacket', 'jacket-techwear-utility-jacket-1', 'Sản phẩm nằm trong bộ sưu tập mới của SLY. Chất liệu cao cấp chuẩn streetwear phom rộng phong cách cá tính.', 850000.00, 750000.00, 1, 1, 'active');
INSERT INTO `products` (`id`, `category_id`, `name`, `slug`, `description`, `price`, `sale_price`, `is_new`, `is_sale`, `status`) VALUES (42, 22, 'SLY Street Denim Varsity', 'jacket-street-denim-varsity-2', 'Sản phẩm nằm trong bộ sưu tập mới của SLY. Chất liệu cao cấp chuẩn streetwear phom rộng phong cách cá tính.', 890000.00, NULL, 0, 0, 'active');
INSERT INTO `products` (`id`, `category_id`, `name`, `slug`, `description`, `price`, `sale_price`, `is_new`, `is_sale`, `status`) VALUES (43, 22, 'SLY Retro Colorblock Bomber', 'jacket-retro-colorblock-bomber-3', 'Sản phẩm nằm trong bộ sưu tập mới của SLY. Chất liệu cao cấp chuẩn streetwear phom rộng phong cách cá tính.', 790000.00, 620000.00, 0, 1, 'active');
INSERT INTO `products` (`id`, `category_id`, `name`, `slug`, `description`, `price`, `sale_price`, `is_new`, `is_sale`, `status`) VALUES (44, 22, 'SLY Premium Leather Biker', 'jacket-premium-leather-biker-4', 'Sản phẩm nằm trong bộ sưu tập mới của SLY. Chất liệu cao cấp chuẩn streetwear phom rộng phong cách cá tính.', 1250000.00, 990000.00, 1, 1, 'active');
INSERT INTO `products` (`id`, `category_id`, `name`, `slug`, `description`, `price`, `sale_price`, `is_new`, `is_sale`, `status`) VALUES (45, 22, 'SLY Waterproof Windbreaker', 'jacket-waterproof-windbreaker-5', 'Sản phẩm nằm trong bộ sưu tập mới của SLY. Chất liệu cao cấp chuẩn streetwear phom rộng phong cách cá tính.', 720000.00, NULL, 0, 0, 'active');
INSERT INTO `products` (`id`, `category_id`, `name`, `slug`, `description`, `price`, `sale_price`, `is_new`, `is_sale`, `status`) VALUES (46, 22, 'SLY MA-1 Flight Jacket', 'jacket-ma-1-flight-jacket-6', 'Sản phẩm nằm trong bộ sưu tập mới của SLY. Chất liệu cao cấp chuẩn streetwear phom rộng phong cách cá tính.', 880000.00, 699000.00, 0, 1, 'active');
INSERT INTO `products` (`id`, `category_id`, `name`, `slug`, `description`, `price`, `sale_price`, `is_new`, `is_sale`, `status`) VALUES (47, 22, 'SLY Tactical Cargo Anorak', 'jacket-tactical-cargo-anorak-7', 'Sản phẩm nằm trong bộ sưu tập mới của SLY. Chất liệu cao cấp chuẩn streetwear phom rộng phong cách cá tính.', 820000.00, NULL, 1, 0, 'active');
INSERT INTO `products` (`id`, `category_id`, `name`, `slug`, `description`, `price`, `sale_price`, `is_new`, `is_sale`, `status`) VALUES (48, 22, 'SLY Heavy Puffer Jacket', 'jacket-heavy-puffer-jacket-8', 'Sản phẩm nằm trong bộ sưu tập mới của SLY. Chất liệu cao cấp chuẩn streetwear phom rộng phong cách cá tính.', 980000.00, 850000.00, 0, 1, 'active');
INSERT INTO `products` (`id`, `category_id`, `name`, `slug`, `description`, `price`, `sale_price`, `is_new`, `is_sale`, `status`) VALUES (49, 22, 'SLY Sherpa Fleece Coach', 'jacket-sherpa-fleece-coach-9', 'Sản phẩm nằm trong bộ sưu tập mới của SLY. Chất liệu cao cấp chuẩn streetwear phom rộng phong cách cá tính.', 760000.00, NULL, 0, 0, 'active');
INSERT INTO `products` (`id`, `category_id`, `name`, `slug`, `description`, `price`, `sale_price`, `is_new`, `is_sale`, `status`) VALUES (50, 22, 'SLY Corduroy Trucker Jacket', 'jacket-corduroy-trucker-jacket-10', 'Sản phẩm nằm trong bộ sưu tập mới của SLY. Chất liệu cao cấp chuẩn streetwear phom rộng phong cách cá tính.', 810000.00, 680000.00, 1, 1, 'active');

-- Products for Subcategory: Sweater
INSERT INTO `products` (`id`, `category_id`, `name`, `slug`, `description`, `price`, `sale_price`, `is_new`, `is_sale`, `status`) VALUES (51, 23, 'SLY Oversized knit Sweater', 'sweater-oversized-knit-sweater-1', 'Sản phẩm nằm trong bộ sưu tập mới của SLY. Chất liệu cao cấp chuẩn streetwear phom rộng phong cách cá tính.', 580000.00, 450000.00, 1, 1, 'active');
INSERT INTO `products` (`id`, `category_id`, `name`, `slug`, `description`, `price`, `sale_price`, `is_new`, `is_sale`, `status`) VALUES (52, 23, 'SLY Distressed Crewneck Sweater', 'sweater-distressed-crewneck-sweater-2', 'Sản phẩm nằm trong bộ sưu tập mới của SLY. Chất liệu cao cấp chuẩn streetwear phom rộng phong cách cá tính.', 620000.00, NULL, 0, 0, 'active');
INSERT INTO `products` (`id`, `category_id`, `name`, `slug`, `description`, `price`, `sale_price`, `is_new`, `is_sale`, `status`) VALUES (53, 23, 'SLY Retro Jacquard Sweater', 'sweater-retro-jacquard-sweater-3', 'Sản phẩm nằm trong bộ sưu tập mới của SLY. Chất liệu cao cấp chuẩn streetwear phom rộng phong cách cá tính.', 650000.00, 499000.00, 0, 1, 'active');
INSERT INTO `products` (`id`, `category_id`, `name`, `slug`, `description`, `price`, `sale_price`, `is_new`, `is_sale`, `status`) VALUES (54, 23, 'SLY Cable Knit Mockneck', 'sweater-cable-knit-mockneck-4', 'Sản phẩm nằm trong bộ sưu tập mới của SLY. Chất liệu cao cấp chuẩn streetwear phom rộng phong cách cá tính.', 680000.00, NULL, 1, 0, 'active');
INSERT INTO `products` (`id`, `category_id`, `name`, `slug`, `description`, `price`, `sale_price`, `is_new`, `is_sale`, `status`) VALUES (55, 23, 'SLY Vintage Chenille Sweater', 'sweater-vintage-chenille-sweater-5', 'Sản phẩm nằm trong bộ sưu tập mới của SLY. Chất liệu cao cấp chuẩn streetwear phom rộng phong cách cá tính.', 640000.00, 530000.00, 0, 1, 'active');
INSERT INTO `products` (`id`, `category_id`, `name`, `slug`, `description`, `price`, `sale_price`, `is_new`, `is_sale`, `status`) VALUES (56, 23, 'SLY Striped grunge sweater', 'sweater-striped-grunge-sweater-6', 'Sản phẩm nằm trong bộ sưu tập mới của SLY. Chất liệu cao cấp chuẩn streetwear phom rộng phong cách cá tính.', 590000.00, NULL, 0, 0, 'active');
INSERT INTO `products` (`id`, `category_id`, `name`, `slug`, `description`, `price`, `sale_price`, `is_new`, `is_sale`, `status`) VALUES (57, 23, 'SLY Mohair blend Sweater', 'sweater-mohair-blend-sweater-7', 'Sản phẩm nằm trong bộ sưu tập mới của SLY. Chất liệu cao cấp chuẩn streetwear phom rộng phong cách cá tính.', 750000.00, 620000.00, 1, 1, 'active');
INSERT INTO `products` (`id`, `category_id`, `name`, `slug`, `description`, `price`, `sale_price`, `is_new`, `is_sale`, `status`) VALUES (58, 23, 'SLY College V-Neck Sweater', 'sweater-college-v-neck-sweater-8', 'Sản phẩm nằm trong bộ sưu tập mới của SLY. Chất liệu cao cấp chuẩn streetwear phom rộng phong cách cá tính.', 570000.00, NULL, 0, 0, 'active');
INSERT INTO `products` (`id`, `category_id`, `name`, `slug`, `description`, `price`, `sale_price`, `is_new`, `is_sale`, `status`) VALUES (59, 23, 'SLY Zip-Up Heavy Cardigan', 'sweater-zip-up-heavy-cardigan-9', 'Sản phẩm nằm trong bộ sưu tập mới của SLY. Chất liệu cao cấp chuẩn streetwear phom rộng phong cách cá tính.', 720000.00, 590000.00, 0, 1, 'active');
INSERT INTO `products` (`id`, `category_id`, `name`, `slug`, `description`, `price`, `sale_price`, `is_new`, `is_sale`, `status`) VALUES (60, 23, 'SLY Minimalist Cotton Sweater', 'sweater-minimalist-cotton-sweater-10', 'Sản phẩm nằm trong bộ sưu tập mới của SLY. Chất liệu cao cấp chuẩn streetwear phom rộng phong cách cá tính.', 550000.00, NULL, 1, 0, 'active');

-- Products for Subcategory: Short
INSERT INTO `products` (`id`, `category_id`, `name`, `slug`, `description`, `price`, `sale_price`, `is_new`, `is_sale`, `status`) VALUES (61, 31, 'SLY Denim Street Shorts', 'short-denim-street-shorts-1', 'Sản phẩm nằm trong bộ sưu tập mới của SLY. Chất liệu cao cấp chuẩn streetwear phom rộng phong cách cá tính.', 380000.00, 290000.00, 1, 1, 'active');
INSERT INTO `products` (`id`, `category_id`, `name`, `slug`, `description`, `price`, `sale_price`, `is_new`, `is_sale`, `status`) VALUES (62, 31, 'SLY Tactical Cargo Shorts', 'short-tactical-cargo-shorts-2', 'Sản phẩm nằm trong bộ sưu tập mới của SLY. Chất liệu cao cấp chuẩn streetwear phom rộng phong cách cá tính.', 420000.00, NULL, 0, 0, 'active');
INSERT INTO `products` (`id`, `category_id`, `name`, `slug`, `description`, `price`, `sale_price`, `is_new`, `is_sale`, `status`) VALUES (63, 31, 'SLY Heavy Sweat Shorts', 'short-heavy-sweat-shorts-3', 'Sản phẩm nằm trong bộ sưu tập mới của SLY. Chất liệu cao cấp chuẩn streetwear phom rộng phong cách cá tính.', 350000.00, 280000.00, 0, 1, 'active');
INSERT INTO `products` (`id`, `category_id`, `name`, `slug`, `description`, `price`, `sale_price`, `is_new`, `is_sale`, `status`) VALUES (64, 31, 'SLY Utility Webbing Shorts', 'short-utility-webbing-shorts-4', 'Sản phẩm nằm trong bộ sưu tập mới của SLY. Chất liệu cao cấp chuẩn streetwear phom rộng phong cách cá tính.', 450000.00, NULL, 1, 0, 'active');
INSERT INTO `products` (`id`, `category_id`, `name`, `slug`, `description`, `price`, `sale_price`, `is_new`, `is_sale`, `status`) VALUES (65, 31, 'SLY Wide Skate Shorts', 'short-wide-skate-shorts-5', 'Sản phẩm nằm trong bộ sưu tập mới của SLY. Chất liệu cao cấp chuẩn streetwear phom rộng phong cách cá tính.', 390000.00, 310000.00, 0, 1, 'active');
INSERT INTO `products` (`id`, `category_id`, `name`, `slug`, `description`, `price`, `sale_price`, `is_new`, `is_sale`, `status`) VALUES (66, 31, 'SLY Mesh Athletic Shorts', 'short-mesh-athletic-shorts-6', 'Sản phẩm nằm trong bộ sưu tập mới của SLY. Chất liệu cao cấp chuẩn streetwear phom rộng phong cách cá tính.', 320000.00, NULL, 0, 0, 'active');
INSERT INTO `products` (`id`, `category_id`, `name`, `slug`, `description`, `price`, `sale_price`, `is_new`, `is_sale`, `status`) VALUES (67, 31, 'SLY Acid Wash Sweat Shorts', 'short-acid-wash-sweat-shorts-7', 'Sản phẩm nằm trong bộ sưu tập mới của SLY. Chất liệu cao cấp chuẩn streetwear phom rộng phong cách cá tính.', 400000.00, 320000.00, 1, 1, 'active');
INSERT INTO `products` (`id`, `category_id`, `name`, `slug`, `description`, `price`, `sale_price`, `is_new`, `is_sale`, `status`) VALUES (68, 31, 'SLY Vintage Workwear Shorts', 'short-vintage-workwear-shorts-8', 'Sản phẩm nằm trong bộ sưu tập mới của SLY. Chất liệu cao cấp chuẩn streetwear phom rộng phong cách cá tính.', 430000.00, NULL, 0, 0, 'active');
INSERT INTO `products` (`id`, `category_id`, `name`, `slug`, `description`, `price`, `sale_price`, `is_new`, `is_sale`, `status`) VALUES (69, 31, 'SLY Lightweight Nylon Shorts', 'short-lightweight-nylon-shorts-9', 'Sản phẩm nằm trong bộ sưu tập mới của SLY. Chất liệu cao cấp chuẩn streetwear phom rộng phong cách cá tính.', 360000.00, NULL, 0, 0, 'active');
INSERT INTO `products` (`id`, `category_id`, `name`, `slug`, `description`, `price`, `sale_price`, `is_new`, `is_sale`, `status`) VALUES (70, 31, 'SLY Drawstring Chino Shorts', 'short-drawstring-chino-shorts-10', 'Sản phẩm nằm trong bộ sưu tập mới của SLY. Chất liệu cao cấp chuẩn streetwear phom rộng phong cách cá tính.', 370000.00, 299000.00, 1, 1, 'active');

-- Products for Subcategory: Pant
INSERT INTO `products` (`id`, `category_id`, `name`, `slug`, `description`, `price`, `sale_price`, `is_new`, `is_sale`, `status`) VALUES (71, 32, 'SLY Tactical Cargo Pants', 'pant-tactical-cargo-pants-1', 'Sản phẩm nằm trong bộ sưu tập mới của SLY. Chất liệu cao cấp chuẩn streetwear phom rộng phong cách cá tính.', 500000.00, NULL, 1, 0, 'active');
INSERT INTO `products` (`id`, `category_id`, `name`, `slug`, `description`, `price`, `sale_price`, `is_new`, `is_sale`, `status`) VALUES (72, 32, 'SLY Baggy Denim Jeans', 'pant-baggy-denim-jeans-2', 'Sản phẩm nằm trong bộ sưu tập mới của SLY. Chất liệu cao cấp chuẩn streetwear phom rộng phong cách cá tính.', 550000.00, 450000.00, 0, 1, 'active');
INSERT INTO `products` (`id`, `category_id`, `name`, `slug`, `description`, `price`, `sale_price`, `is_new`, `is_sale`, `status`) VALUES (73, 32, 'SLY Heavy-weight Sweatpants', 'pant-heavy-weight-sweatpants-3', 'Sản phẩm nằm trong bộ sưu tập mới của SLY. Chất liệu cao cấp chuẩn streetwear phom rộng phong cách cá tính.', 480000.00, NULL, 0, 0, 'active');
INSERT INTO `products` (`id`, `category_id`, `name`, `slug`, `description`, `price`, `sale_price`, `is_new`, `is_sale`, `status`) VALUES (74, 32, 'SLY Wide-Leg Utility Trousers', 'pant-wide-leg-utility-trousers-4', 'Sản phẩm nằm trong bộ sưu tập mới của SLY. Chất liệu cao cấp chuẩn streetwear phom rộng phong cách cá tính.', 520000.00, 420000.00, 1, 1, 'active');
INSERT INTO `products` (`id`, `category_id`, `name`, `slug`, `description`, `price`, `sale_price`, `is_new`, `is_sale`, `status`) VALUES (75, 32, 'SLY Parachute Tech Pants', 'pant-parachute-tech-pants-5', 'Sản phẩm nằm trong bộ sưu tập mới của SLY. Chất liệu cao cấp chuẩn streetwear phom rộng phong cách cá tính.', 580000.00, NULL, 0, 0, 'active');
INSERT INTO `products` (`id`, `category_id`, `name`, `slug`, `description`, `price`, `sale_price`, `is_new`, `is_sale`, `status`) VALUES (76, 32, 'SLY Distressed Ripped Jeans', 'pant-distressed-ripped-jeans-6', 'Sản phẩm nằm trong bộ sưu tập mới của SLY. Chất liệu cao cấp chuẩn streetwear phom rộng phong cách cá tính.', 620000.00, 499000.00, 0, 1, 'active');
INSERT INTO `products` (`id`, `category_id`, `name`, `slug`, `description`, `price`, `sale_price`, `is_new`, `is_sale`, `status`) VALUES (77, 32, 'SLY Patchwork Skate Jeans', 'pant-patchwork-skate-jeans-7', 'Sản phẩm nằm trong bộ sưu tập mới của SLY. Chất liệu cao cấp chuẩn streetwear phom rộng phong cách cá tính.', 650000.00, NULL, 1, 0, 'active');
INSERT INTO `products` (`id`, `category_id`, `name`, `slug`, `description`, `price`, `sale_price`, `is_new`, `is_sale`, `status`) VALUES (78, 32, 'SLY Cargo Track Pants', 'pant-cargo-track-pants-8', 'Sản phẩm nằm trong bộ sưu tập mới của SLY. Chất liệu cao cấp chuẩn streetwear phom rộng phong cách cá tính.', 490000.00, 390000.00, 0, 1, 'active');
INSERT INTO `products` (`id`, `category_id`, `name`, `slug`, `description`, `price`, `sale_price`, `is_new`, `is_sale`, `status`) VALUES (79, 32, 'SLY Carpenter Canvas Pants', 'pant-carpenter-canvas-pants-9', 'Sản phẩm nằm trong bộ sưu tập mới của SLY. Chất liệu cao cấp chuẩn streetwear phom rộng phong cách cá tính.', 560000.00, NULL, 0, 0, 'active');
INSERT INTO `products` (`id`, `category_id`, `name`, `slug`, `description`, `price`, `sale_price`, `is_new`, `is_sale`, `status`) VALUES (80, 32, 'SLY Classic Straight Chinos', 'pant-classic-straight-chinos-10', 'Sản phẩm nằm trong bộ sưu tập mới của SLY. Chất liệu cao cấp chuẩn streetwear phom rộng phong cách cá tính.', 460000.00, 370000.00, 1, 1, 'active');

-- Products for Subcategory: Wallet
INSERT INTO `products` (`id`, `category_id`, `name`, `slug`, `description`, `price`, `sale_price`, `is_new`, `is_sale`, `status`) VALUES (81, 41, 'SLY Leather Cardholder Wallet', 'wallet-leather-cardholder-wallet-1', 'Sản phẩm nằm trong bộ sưu tập mới của SLY. Chất liệu cao cấp chuẩn streetwear phom rộng phong cách cá tính.', 250000.00, 190000.00, 1, 1, 'active');
INSERT INTO `products` (`id`, `category_id`, `name`, `slug`, `description`, `price`, `sale_price`, `is_new`, `is_sale`, `status`) VALUES (82, 41, 'SLY Minimalist Metal Wallet', 'wallet-minimalist-metal-wallet-2', 'Sản phẩm nằm trong bộ sưu tập mới của SLY. Chất liệu cao cấp chuẩn streetwear phom rộng phong cách cá tính.', 350000.00, NULL, 0, 0, 'active');
INSERT INTO `products` (`id`, `category_id`, `name`, `slug`, `description`, `price`, `sale_price`, `is_new`, `is_sale`, `status`) VALUES (83, 41, 'SLY Classic Bifold Wallet', 'wallet-classic-bifold-wallet-3', 'Sản phẩm nằm trong bộ sưu tập mới của SLY. Chất liệu cao cấp chuẩn streetwear phom rộng phong cách cá tính.', 290000.00, NULL, 0, 0, 'active');
INSERT INTO `products` (`id`, `category_id`, `name`, `slug`, `description`, `price`, `sale_price`, `is_new`, `is_sale`, `status`) VALUES (84, 41, 'SLY Vintage Oil Leather Wallet', 'wallet-vintage-oil-leather-wallet-4', 'Sản phẩm nằm trong bộ sưu tập mới của SLY. Chất liệu cao cấp chuẩn streetwear phom rộng phong cách cá tính.', 390000.00, 320000.00, 1, 1, 'active');
INSERT INTO `products` (`id`, `category_id`, `name`, `slug`, `description`, `price`, `sale_price`, `is_new`, `is_sale`, `status`) VALUES (85, 41, 'SLY Compact Canvas Wallet', 'wallet-compact-canvas-wallet-5', 'Sản phẩm nằm trong bộ sưu tập mới của SLY. Chất liệu cao cấp chuẩn streetwear phom rộng phong cách cá tính.', 180000.00, NULL, 0, 0, 'active');
INSERT INTO `products` (`id`, `category_id`, `name`, `slug`, `description`, `price`, `sale_price`, `is_new`, `is_sale`, `status`) VALUES (86, 41, 'SLY Street Lanyard Wallet', 'wallet-street-lanyard-wallet-6', 'Sản phẩm nằm trong bộ sưu tập mới của SLY. Chất liệu cao cấp chuẩn streetwear phom rộng phong cách cá tính.', 220000.00, 160000.00, 0, 1, 'active');
INSERT INTO `products` (`id`, `category_id`, `name`, `slug`, `description`, `price`, `sale_price`, `is_new`, `is_sale`, `status`) VALUES (87, 41, 'SLY Suede Zip Cardholder', 'wallet-suede-zip-cardholder-7', 'Sản phẩm nằm trong bộ sưu tập mới của SLY. Chất liệu cao cấp chuẩn streetwear phom rộng phong cách cá tính.', 270000.00, NULL, 1, 0, 'active');
INSERT INTO `products` (`id`, `category_id`, `name`, `slug`, `description`, `price`, `sale_price`, `is_new`, `is_sale`, `status`) VALUES (88, 41, 'SLY Trifold Utility Wallet', 'wallet-trifold-utility-wallet-8', 'Sản phẩm nằm trong bộ sưu tập mới của SLY. Chất liệu cao cấp chuẩn streetwear phom rộng phong cách cá tính.', 320000.00, 250000.00, 0, 1, 'active');
INSERT INTO `products` (`id`, `category_id`, `name`, `slug`, `description`, `price`, `sale_price`, `is_new`, `is_sale`, `status`) VALUES (89, 41, 'SLY Tactical Cordura Wallet', 'wallet-tactical-cordura-wallet-9', 'Sản phẩm nằm trong bộ sưu tập mới của SLY. Chất liệu cao cấp chuẩn streetwear phom rộng phong cách cá tính.', 280000.00, NULL, 0, 0, 'active');
INSERT INTO `products` (`id`, `category_id`, `name`, `slug`, `description`, `price`, `sale_price`, `is_new`, `is_sale`, `status`) VALUES (90, 41, 'SLY Iron Chain Street Wallet', 'wallet-iron-chain-street-wallet-10', 'Sản phẩm nằm trong bộ sưu tập mới của SLY. Chất liệu cao cấp chuẩn streetwear phom rộng phong cách cá tính.', 360000.00, 290000.00, 1, 1, 'active');

-- Products for Subcategory: Cap
INSERT INTO `products` (`id`, `category_id`, `name`, `slug`, `description`, `price`, `sale_price`, `is_new`, `is_sale`, `status`) VALUES (91, 42, 'SLY Signature Streetwear Cap', 'cap-signature-streetwear-cap-1', 'Sản phẩm nằm trong bộ sưu tập mới của SLY. Chất liệu cao cấp chuẩn streetwear phom rộng phong cách cá tính.', 180000.00, NULL, 1, 0, 'active');
INSERT INTO `products` (`id`, `category_id`, `name`, `slug`, `description`, `price`, `sale_price`, `is_new`, `is_sale`, `status`) VALUES (92, 42, 'SLY Classic Snapback Cap', 'cap-classic-snapback-cap-2', 'Sản phẩm nằm trong bộ sưu tập mới của SLY. Chất liệu cao cấp chuẩn streetwear phom rộng phong cách cá tính.', 220000.00, 165000.00, 0, 1, 'active');
INSERT INTO `products` (`id`, `category_id`, `name`, `slug`, `description`, `price`, `sale_price`, `is_new`, `is_sale`, `status`) VALUES (93, 42, 'SLY Streetwear Knit Beanie', 'cap-streetwear-knit-beanie-3', 'Sản phẩm nằm trong bộ sưu tập mới của SLY. Chất liệu cao cấp chuẩn streetwear phom rộng phong cách cá tính.', 190000.00, NULL, 0, 0, 'active');
INSERT INTO `products` (`id`, `category_id`, `name`, `slug`, `description`, `price`, `sale_price`, `is_new`, `is_sale`, `status`) VALUES (94, 42, 'SLY Utility Bucket Hat', 'cap-utility-bucket-hat-4', 'Sản phẩm nằm trong bộ sưu tập mới của SLY. Chất liệu cao cấp chuẩn streetwear phom rộng phong cách cá tính.', 250000.00, 199000.00, 1, 1, 'active');
INSERT INTO `products` (`id`, `category_id`, `name`, `slug`, `description`, `price`, `sale_price`, `is_new`, `is_sale`, `status`) VALUES (95, 42, 'SLY Acid Wash Dad Hat', 'cap-acid-wash-dad-hat-5', 'Sản phẩm nằm trong bộ sưu tập mới của SLY. Chất liệu cao cấp chuẩn streetwear phom rộng phong cách cá tính.', 210000.00, NULL, 0, 0, 'active');
INSERT INTO `products` (`id`, `category_id`, `name`, `slug`, `description`, `price`, `sale_price`, `is_new`, `is_sale`, `status`) VALUES (96, 42, 'SLY Reflective Beanie Hat', 'cap-reflective-beanie-hat-6', 'Sản phẩm nằm trong bộ sưu tập mới của SLY. Chất liệu cao cấp chuẩn streetwear phom rộng phong cách cá tính.', 230000.00, NULL, 0, 0, 'active');
INSERT INTO `products` (`id`, `category_id`, `name`, `slug`, `description`, `price`, `sale_price`, `is_new`, `is_sale`, `status`) VALUES (97, 42, 'SLY Corduroy Vintage Cap', 'cap-corduroy-vintage-cap-7', 'Sản phẩm nằm trong bộ sưu tập mới của SLY. Chất liệu cao cấp chuẩn streetwear phom rộng phong cách cá tính.', 240000.00, 180000.00, 1, 1, 'active');
INSERT INTO `products` (`id`, `category_id`, `name`, `slug`, `description`, `price`, `sale_price`, `is_new`, `is_sale`, `status`) VALUES (98, 42, 'SLY Distressed Strapback Cap', 'cap-distressed-strapback-cap-8', 'Sản phẩm nằm trong bộ sưu tập mới của SLY. Chất liệu cao cấp chuẩn streetwear phom rộng phong cách cá tính.', 200000.00, NULL, 0, 0, 'active');
INSERT INTO `products` (`id`, `category_id`, `name`, `slug`, `description`, `price`, `sale_price`, `is_new`, `is_sale`, `status`) VALUES (99, 42, 'SLY Camo Outdoor Bucket', 'cap-camo-outdoor-bucket-9', 'Sản phẩm nằm trong bộ sưu tập mới của SLY. Chất liệu cao cấp chuẩn streetwear phom rộng phong cách cá tính.', 270000.00, 210000.00, 0, 1, 'active');
INSERT INTO `products` (`id`, `category_id`, `name`, `slug`, `description`, `price`, `sale_price`, `is_new`, `is_sale`, `status`) VALUES (100, 42, 'SLY Embroidered Street Cap', 'cap-embroidered-street-cap-10', 'Sản phẩm nằm trong bộ sưu tập mới của SLY. Chất liệu cao cấp chuẩn streetwear phom rộng phong cách cá tính.', 215000.00, NULL, 1, 0, 'active');

-- Products for Subcategory: Backpacks
INSERT INTO `products` (`id`, `category_id`, `name`, `slug`, `description`, `price`, `sale_price`, `is_new`, `is_sale`, `status`) VALUES (101, 43, 'SLY Cordura Utility Backpack', 'backpacks-cordura-utility-backpack-1', 'Sản phẩm nằm trong bộ sưu tập mới của SLY. Chất liệu cao cấp chuẩn streetwear phom rộng phong cách cá tính.', 450000.00, 390000.00, 1, 1, 'active');
INSERT INTO `products` (`id`, `category_id`, `name`, `slug`, `description`, `price`, `sale_price`, `is_new`, `is_sale`, `status`) VALUES (102, 43, 'SLY Minimalist Daily Backpack', 'backpacks-minimalist-daily-backpack-2', 'Sản phẩm nằm trong bộ sưu tập mới của SLY. Chất liệu cao cấp chuẩn streetwear phom rộng phong cách cá tính.', 390000.00, NULL, 0, 0, 'active');
INSERT INTO `products` (`id`, `category_id`, `name`, `slug`, `description`, `price`, `sale_price`, `is_new`, `is_sale`, `status`) VALUES (103, 43, 'SLY Tactical Commuter Pack', 'backpacks-tactical-commuter-pack-3', 'Sản phẩm nằm trong bộ sưu tập mới của SLY. Chất liệu cao cấp chuẩn streetwear phom rộng phong cách cá tính.', 520000.00, 420000.00, 0, 1, 'active');
INSERT INTO `products` (`id`, `category_id`, `name`, `slug`, `description`, `price`, `sale_price`, `is_new`, `is_sale`, `status`) VALUES (104, 43, 'SLY Roll-top Canvas Backpack', 'backpacks-roll-top-canvas-backpack-4', 'Sản phẩm nằm trong bộ sưu tập mới của SLY. Chất liệu cao cấp chuẩn streetwear phom rộng phong cách cá tính.', 480000.00, NULL, 1, 0, 'active');
INSERT INTO `products` (`id`, `category_id`, `name`, `slug`, `description`, `price`, `sale_price`, `is_new`, `is_sale`, `status`) VALUES (105, 43, 'SLY Waterproof Tech Backpack', 'backpacks-waterproof-tech-backpack-5', 'Sản phẩm nằm trong bộ sưu tập mới của SLY. Chất liệu cao cấp chuẩn streetwear phom rộng phong cách cá tính.', 580000.00, 499000.00, 0, 1, 'active');
INSERT INTO `products` (`id`, `category_id`, `name`, `slug`, `description`, `price`, `sale_price`, `is_new`, `is_sale`, `status`) VALUES (106, 43, 'SLY Denim Multi-pocket Pack', 'backpacks-denim-multi-pocket-pack-6', 'Sản phẩm nằm trong bộ sưu tập mới của SLY. Chất liệu cao cấp chuẩn streetwear phom rộng phong cách cá tính.', 460000.00, NULL, 0, 0, 'active');
INSERT INTO `products` (`id`, `category_id`, `name`, `slug`, `description`, `price`, `sale_price`, `is_new`, `is_sale`, `status`) VALUES (107, 43, 'SLY Active Urban Sling Pack', 'backpacks-active-urban-sling-pack-7', 'Sản phẩm nằm trong bộ sưu tập mới của SLY. Chất liệu cao cấp chuẩn streetwear phom rộng phong cách cá tính.', 350000.00, 280000.00, 1, 1, 'active');
INSERT INTO `products` (`id`, `category_id`, `name`, `slug`, `description`, `price`, `sale_price`, `is_new`, `is_sale`, `status`) VALUES (108, 43, 'SLY Heavy Duty Duffel Backpack', 'backpacks-heavy-duty-duffel-backpack-8', 'Sản phẩm nằm trong bộ sưu tập mới của SLY. Chất liệu cao cấp chuẩn streetwear phom rộng phong cách cá tính.', 620000.00, NULL, 0, 0, 'active');
INSERT INTO `products` (`id`, `category_id`, `name`, `slug`, `description`, `price`, `sale_price`, `is_new`, `is_sale`, `status`) VALUES (109, 43, 'SLY Reflective Safety Backpack', 'backpacks-reflective-safety-backpack-9', 'Sản phẩm nằm trong bộ sưu tập mới của SLY. Chất liệu cao cấp chuẩn streetwear phom rộng phong cách cá tính.', 490000.00, 390000.00, 0, 1, 'active');
INSERT INTO `products` (`id`, `category_id`, `name`, `slug`, `description`, `price`, `sale_price`, `is_new`, `is_sale`, `status`) VALUES (110, 43, 'SLY Retro Student Backpack', 'backpacks-retro-student-backpack-10', 'Sản phẩm nằm trong bộ sưu tập mới của SLY. Chất liệu cao cấp chuẩn streetwear phom rộng phong cách cá tính.', 410000.00, NULL, 1, 0, 'active');

-- ==========================================
-- 6. SEED PRODUCT IMAGES
-- ==========================================
INSERT INTO `product_images` (`product_id`, `image_url`, `sort_order`, `is_hover_alternate`) VALUES (1, 'https://images.pexels.com/photos/1656684/pexels-photo-1656684.jpeg?auto=compress&cs=tinysrgb&w=600', 0, 0);
INSERT INTO `product_images` (`product_id`, `image_url`, `sort_order`, `is_hover_alternate`) VALUES (1, 'https://images.pexels.com/photos/1656681/pexels-photo-1656681.jpeg?auto=compress&cs=tinysrgb&w=600', 1, 1);
INSERT INTO `product_images` (`product_id`, `image_url`, `sort_order`, `is_hover_alternate`) VALUES (2, 'https://images.pexels.com/photos/1018911/pexels-photo-1018911.jpeg?auto=compress&cs=tinysrgb&w=600', 0, 0);
INSERT INTO `product_images` (`product_id`, `image_url`, `sort_order`, `is_hover_alternate`) VALUES (2, 'https://images.pexels.com/photos/1656684/pexels-photo-1656684.jpeg?auto=compress&cs=tinysrgb&w=600', 1, 1);
INSERT INTO `product_images` (`product_id`, `image_url`, `sort_order`, `is_hover_alternate`) VALUES (3, 'https://images.pexels.com/photos/2294342/pexels-photo-2294342.jpeg?auto=compress&cs=tinysrgb&w=600', 0, 0);
INSERT INTO `product_images` (`product_id`, `image_url`, `sort_order`, `is_hover_alternate`) VALUES (3, 'https://images.pexels.com/photos/1018911/pexels-photo-1018911.jpeg?auto=compress&cs=tinysrgb&w=600', 1, 1);
INSERT INTO `product_images` (`product_id`, `image_url`, `sort_order`, `is_hover_alternate`) VALUES (4, 'https://images.pexels.com/photos/8532615/pexels-photo-8532615.jpeg?auto=compress&cs=tinysrgb&w=600', 0, 0);
INSERT INTO `product_images` (`product_id`, `image_url`, `sort_order`, `is_hover_alternate`) VALUES (4, 'https://images.pexels.com/photos/2294342/pexels-photo-2294342.jpeg?auto=compress&cs=tinysrgb&w=600', 1, 1);
INSERT INTO `product_images` (`product_id`, `image_url`, `sort_order`, `is_hover_alternate`) VALUES (5, 'https://images.pexels.com/photos/991509/pexels-photo-991509.jpeg?auto=compress&cs=tinysrgb&w=600', 0, 0);
INSERT INTO `product_images` (`product_id`, `image_url`, `sort_order`, `is_hover_alternate`) VALUES (5, 'https://images.pexels.com/photos/8532615/pexels-photo-8532615.jpeg?auto=compress&cs=tinysrgb&w=600', 1, 1);
INSERT INTO `product_images` (`product_id`, `image_url`, `sort_order`, `is_hover_alternate`) VALUES (6, 'https://images.pexels.com/photos/2869076/pexels-photo-2869076.jpeg?auto=compress&cs=tinysrgb&w=600', 0, 0);
INSERT INTO `product_images` (`product_id`, `image_url`, `sort_order`, `is_hover_alternate`) VALUES (6, 'https://images.pexels.com/photos/991509/pexels-photo-991509.jpeg?auto=compress&cs=tinysrgb&w=600', 1, 1);
INSERT INTO `product_images` (`product_id`, `image_url`, `sort_order`, `is_hover_alternate`) VALUES (7, 'https://images.pexels.com/photos/3613009/pexels-photo-3613009.jpeg?auto=compress&cs=tinysrgb&w=600', 0, 0);
INSERT INTO `product_images` (`product_id`, `image_url`, `sort_order`, `is_hover_alternate`) VALUES (7, 'https://images.pexels.com/photos/2869076/pexels-photo-2869076.jpeg?auto=compress&cs=tinysrgb&w=600', 1, 1);
INSERT INTO `product_images` (`product_id`, `image_url`, `sort_order`, `is_hover_alternate`) VALUES (8, 'https://images.pexels.com/photos/5709656/pexels-photo-5709656.jpeg?auto=compress&cs=tinysrgb&w=600', 0, 0);
INSERT INTO `product_images` (`product_id`, `image_url`, `sort_order`, `is_hover_alternate`) VALUES (8, 'https://images.pexels.com/photos/3613009/pexels-photo-3613009.jpeg?auto=compress&cs=tinysrgb&w=600', 1, 1);
INSERT INTO `product_images` (`product_id`, `image_url`, `sort_order`, `is_hover_alternate`) VALUES (9, 'https://images.pexels.com/photos/935985/pexels-photo-935985.jpeg?auto=compress&cs=tinysrgb&w=600', 0, 0);
INSERT INTO `product_images` (`product_id`, `image_url`, `sort_order`, `is_hover_alternate`) VALUES (9, 'https://images.pexels.com/photos/5709656/pexels-photo-5709656.jpeg?auto=compress&cs=tinysrgb&w=600', 1, 1);
INSERT INTO `product_images` (`product_id`, `image_url`, `sort_order`, `is_hover_alternate`) VALUES (10, 'https://images.pexels.com/photos/428338/pexels-photo-428338.jpeg?auto=compress&cs=tinysrgb&w=600', 0, 0);
INSERT INTO `product_images` (`product_id`, `image_url`, `sort_order`, `is_hover_alternate`) VALUES (10, 'https://images.pexels.com/photos/935985/pexels-photo-935985.jpeg?auto=compress&cs=tinysrgb&w=600', 1, 1);
INSERT INTO `product_images` (`product_id`, `image_url`, `sort_order`, `is_hover_alternate`) VALUES (11, 'https://images.pexels.com/photos/1435677/pexels-photo-1435677.jpeg?auto=compress&cs=tinysrgb&w=600', 0, 0);
INSERT INTO `product_images` (`product_id`, `image_url`, `sort_order`, `is_hover_alternate`) VALUES (11, 'https://images.pexels.com/photos/2220315/pexels-photo-2220315.jpeg?auto=compress&cs=tinysrgb&w=600', 1, 1);
INSERT INTO `product_images` (`product_id`, `image_url`, `sort_order`, `is_hover_alternate`) VALUES (12, 'https://images.pexels.com/photos/1232459/pexels-photo-1232459.jpeg?auto=compress&cs=tinysrgb&w=600', 0, 0);
INSERT INTO `product_images` (`product_id`, `image_url`, `sort_order`, `is_hover_alternate`) VALUES (12, 'https://images.pexels.com/photos/1435677/pexels-photo-1435677.jpeg?auto=compress&cs=tinysrgb&w=600', 1, 1);
INSERT INTO `product_images` (`product_id`, `image_url`, `sort_order`, `is_hover_alternate`) VALUES (13, 'https://images.pexels.com/photos/297933/pexels-photo-297933.jpeg?auto=compress&cs=tinysrgb&w=600', 0, 0);
INSERT INTO `product_images` (`product_id`, `image_url`, `sort_order`, `is_hover_alternate`) VALUES (13, 'https://images.pexels.com/photos/1232459/pexels-photo-1232459.jpeg?auto=compress&cs=tinysrgb&w=600', 1, 1);
INSERT INTO `product_images` (`product_id`, `image_url`, `sort_order`, `is_hover_alternate`) VALUES (14, 'https://images.pexels.com/photos/4505458/pexels-photo-4505458.jpeg?auto=compress&cs=tinysrgb&w=600', 0, 0);
INSERT INTO `product_images` (`product_id`, `image_url`, `sort_order`, `is_hover_alternate`) VALUES (14, 'https://images.pexels.com/photos/297933/pexels-photo-297933.jpeg?auto=compress&cs=tinysrgb&w=600', 1, 1);
INSERT INTO `product_images` (`product_id`, `image_url`, `sort_order`, `is_hover_alternate`) VALUES (15, 'https://images.pexels.com/photos/5325840/pexels-photo-5325840.jpeg?auto=compress&cs=tinysrgb&w=600', 0, 0);
INSERT INTO `product_images` (`product_id`, `image_url`, `sort_order`, `is_hover_alternate`) VALUES (15, 'https://images.pexels.com/photos/4505458/pexels-photo-4505458.jpeg?auto=compress&cs=tinysrgb&w=600', 1, 1);
INSERT INTO `product_images` (`product_id`, `image_url`, `sort_order`, `is_hover_alternate`) VALUES (16, 'https://images.pexels.com/photos/6311394/pexels-photo-6311394.jpeg?auto=compress&cs=tinysrgb&w=600', 0, 0);
INSERT INTO `product_images` (`product_id`, `image_url`, `sort_order`, `is_hover_alternate`) VALUES (16, 'https://images.pexels.com/photos/5325840/pexels-photo-5325840.jpeg?auto=compress&cs=tinysrgb&w=600', 1, 1);
INSERT INTO `product_images` (`product_id`, `image_url`, `sort_order`, `is_hover_alternate`) VALUES (17, 'https://images.pexels.com/photos/3812433/pexels-photo-3812433.jpeg?auto=compress&cs=tinysrgb&w=600', 0, 0);
INSERT INTO `product_images` (`product_id`, `image_url`, `sort_order`, `is_hover_alternate`) VALUES (17, 'https://images.pexels.com/photos/6311394/pexels-photo-6311394.jpeg?auto=compress&cs=tinysrgb&w=600', 1, 1);
INSERT INTO `product_images` (`product_id`, `image_url`, `sort_order`, `is_hover_alternate`) VALUES (18, 'https://images.pexels.com/photos/5325885/pexels-photo-5325885.jpeg?auto=compress&cs=tinysrgb&w=600', 0, 0);
INSERT INTO `product_images` (`product_id`, `image_url`, `sort_order`, `is_hover_alternate`) VALUES (18, 'https://images.pexels.com/photos/3812433/pexels-photo-3812433.jpeg?auto=compress&cs=tinysrgb&w=600', 1, 1);
INSERT INTO `product_images` (`product_id`, `image_url`, `sort_order`, `is_hover_alternate`) VALUES (19, 'https://images.pexels.com/photos/428340/pexels-photo-428340.jpeg?auto=compress&cs=tinysrgb&w=600', 0, 0);
INSERT INTO `product_images` (`product_id`, `image_url`, `sort_order`, `is_hover_alternate`) VALUES (19, 'https://images.pexels.com/photos/5325885/pexels-photo-5325885.jpeg?auto=compress&cs=tinysrgb&w=600', 1, 1);
INSERT INTO `product_images` (`product_id`, `image_url`, `sort_order`, `is_hover_alternate`) VALUES (20, 'https://images.pexels.com/photos/2220315/pexels-photo-2220315.jpeg?auto=compress&cs=tinysrgb&w=600', 0, 0);
INSERT INTO `product_images` (`product_id`, `image_url`, `sort_order`, `is_hover_alternate`) VALUES (20, 'https://images.pexels.com/photos/428340/pexels-photo-428340.jpeg?auto=compress&cs=tinysrgb&w=600', 1, 1);
INSERT INTO `product_images` (`product_id`, `image_url`, `sort_order`, `is_hover_alternate`) VALUES (21, 'https://images.pexels.com/photos/297933/pexels-photo-297933.jpeg?auto=compress&cs=tinysrgb&w=600', 0, 0);
INSERT INTO `product_images` (`product_id`, `image_url`, `sort_order`, `is_hover_alternate`) VALUES (21, 'https://images.pexels.com/photos/374044/pexels-photo-374044.jpeg?auto=compress&cs=tinysrgb&w=600', 1, 1);
INSERT INTO `product_images` (`product_id`, `image_url`, `sort_order`, `is_hover_alternate`) VALUES (22, 'https://images.pexels.com/photos/1043474/pexels-photo-1043474.jpeg?auto=compress&cs=tinysrgb&w=600', 0, 0);
INSERT INTO `product_images` (`product_id`, `image_url`, `sort_order`, `is_hover_alternate`) VALUES (22, 'https://images.pexels.com/photos/297933/pexels-photo-297933.jpeg?auto=compress&cs=tinysrgb&w=600', 1, 1);
INSERT INTO `product_images` (`product_id`, `image_url`, `sort_order`, `is_hover_alternate`) VALUES (23, 'https://images.pexels.com/photos/1311590/pexels-photo-1311590.jpeg?auto=compress&cs=tinysrgb&w=600', 0, 0);
INSERT INTO `product_images` (`product_id`, `image_url`, `sort_order`, `is_hover_alternate`) VALUES (23, 'https://images.pexels.com/photos/1043474/pexels-photo-1043474.jpeg?auto=compress&cs=tinysrgb&w=600', 1, 1);
INSERT INTO `product_images` (`product_id`, `image_url`, `sort_order`, `is_hover_alternate`) VALUES (24, 'https://images.pexels.com/photos/2079164/pexels-photo-2079164.jpeg?auto=compress&cs=tinysrgb&w=600', 0, 0);
INSERT INTO `product_images` (`product_id`, `image_url`, `sort_order`, `is_hover_alternate`) VALUES (24, 'https://images.pexels.com/photos/1311590/pexels-photo-1311590.jpeg?auto=compress&cs=tinysrgb&w=600', 1, 1);
INSERT INTO `product_images` (`product_id`, `image_url`, `sort_order`, `is_hover_alternate`) VALUES (25, 'https://images.pexels.com/photos/325688/pexels-photo-325688.jpeg?auto=compress&cs=tinysrgb&w=600', 0, 0);
INSERT INTO `product_images` (`product_id`, `image_url`, `sort_order`, `is_hover_alternate`) VALUES (25, 'https://images.pexels.com/photos/2079164/pexels-photo-2079164.jpeg?auto=compress&cs=tinysrgb&w=600', 1, 1);
INSERT INTO `product_images` (`product_id`, `image_url`, `sort_order`, `is_hover_alternate`) VALUES (26, 'https://images.pexels.com/photos/1043471/pexels-photo-1043471.jpeg?auto=compress&cs=tinysrgb&w=600', 0, 0);
INSERT INTO `product_images` (`product_id`, `image_url`, `sort_order`, `is_hover_alternate`) VALUES (26, 'https://images.pexels.com/photos/325688/pexels-photo-325688.jpeg?auto=compress&cs=tinysrgb&w=600', 1, 1);
INSERT INTO `product_images` (`product_id`, `image_url`, `sort_order`, `is_hover_alternate`) VALUES (27, 'https://images.pexels.com/photos/3805983/pexels-photo-3805983.jpeg?auto=compress&cs=tinysrgb&w=600', 0, 0);
INSERT INTO `product_images` (`product_id`, `image_url`, `sort_order`, `is_hover_alternate`) VALUES (27, 'https://images.pexels.com/photos/1043471/pexels-photo-1043471.jpeg?auto=compress&cs=tinysrgb&w=600', 1, 1);
INSERT INTO `product_images` (`product_id`, `image_url`, `sort_order`, `is_hover_alternate`) VALUES (28, 'https://images.pexels.com/photos/1103828/pexels-photo-1103828.jpeg?auto=compress&cs=tinysrgb&w=600', 0, 0);
INSERT INTO `product_images` (`product_id`, `image_url`, `sort_order`, `is_hover_alternate`) VALUES (28, 'https://images.pexels.com/photos/3805983/pexels-photo-3805983.jpeg?auto=compress&cs=tinysrgb&w=600', 1, 1);
INSERT INTO `product_images` (`product_id`, `image_url`, `sort_order`, `is_hover_alternate`) VALUES (29, 'https://images.pexels.com/photos/2294343/pexels-photo-2294343.jpeg?auto=compress&cs=tinysrgb&w=600', 0, 0);
INSERT INTO `product_images` (`product_id`, `image_url`, `sort_order`, `is_hover_alternate`) VALUES (29, 'https://images.pexels.com/photos/1103828/pexels-photo-1103828.jpeg?auto=compress&cs=tinysrgb&w=600', 1, 1);
INSERT INTO `product_images` (`product_id`, `image_url`, `sort_order`, `is_hover_alternate`) VALUES (30, 'https://images.pexels.com/photos/374044/pexels-photo-374044.jpeg?auto=compress&cs=tinysrgb&w=600', 0, 0);
INSERT INTO `product_images` (`product_id`, `image_url`, `sort_order`, `is_hover_alternate`) VALUES (30, 'https://images.pexels.com/photos/2294343/pexels-photo-2294343.jpeg?auto=compress&cs=tinysrgb&w=600', 1, 1);
INSERT INTO `product_images` (`product_id`, `image_url`, `sort_order`, `is_hover_alternate`) VALUES (31, 'https://images.pexels.com/photos/1183266/pexels-photo-1183266.jpeg?auto=compress&cs=tinysrgb&w=600', 0, 0);
INSERT INTO `product_images` (`product_id`, `image_url`, `sort_order`, `is_hover_alternate`) VALUES (31, 'https://images.pexels.com/photos/1183261/pexels-photo-1183261.jpeg?auto=compress&cs=tinysrgb&w=600', 1, 1);
INSERT INTO `product_images` (`product_id`, `image_url`, `sort_order`, `is_hover_alternate`) VALUES (32, 'https://images.pexels.com/photos/1009904/pexels-photo-1009904.jpeg?auto=compress&cs=tinysrgb&w=600', 0, 0);
INSERT INTO `product_images` (`product_id`, `image_url`, `sort_order`, `is_hover_alternate`) VALUES (32, 'https://images.pexels.com/photos/1183266/pexels-photo-1183266.jpeg?auto=compress&cs=tinysrgb&w=600', 1, 1);
INSERT INTO `product_images` (`product_id`, `image_url`, `sort_order`, `is_hover_alternate`) VALUES (33, 'https://images.pexels.com/photos/1820686/pexels-photo-1820686.jpeg?auto=compress&cs=tinysrgb&w=600', 0, 0);
INSERT INTO `product_images` (`product_id`, `image_url`, `sort_order`, `is_hover_alternate`) VALUES (33, 'https://images.pexels.com/photos/1009904/pexels-photo-1009904.jpeg?auto=compress&cs=tinysrgb&w=600', 1, 1);
INSERT INTO `product_images` (`product_id`, `image_url`, `sort_order`, `is_hover_alternate`) VALUES (34, 'https://images.pexels.com/photos/2061901/pexels-photo-2061901.jpeg?auto=compress&cs=tinysrgb&w=600', 0, 0);
INSERT INTO `product_images` (`product_id`, `image_url`, `sort_order`, `is_hover_alternate`) VALUES (34, 'https://images.pexels.com/photos/1820686/pexels-photo-1820686.jpeg?auto=compress&cs=tinysrgb&w=600', 1, 1);
INSERT INTO `product_images` (`product_id`, `image_url`, `sort_order`, `is_hover_alternate`) VALUES (35, 'https://images.pexels.com/photos/2235071/pexels-photo-2235071.jpeg?auto=compress&cs=tinysrgb&w=600', 0, 0);
INSERT INTO `product_images` (`product_id`, `image_url`, `sort_order`, `is_hover_alternate`) VALUES (35, 'https://images.pexels.com/photos/2061901/pexels-photo-2061901.jpeg?auto=compress&cs=tinysrgb&w=600', 1, 1);
INSERT INTO `product_images` (`product_id`, `image_url`, `sort_order`, `is_hover_alternate`) VALUES (36, 'https://images.pexels.com/photos/2897531/pexels-photo-2897531.jpeg?auto=compress&cs=tinysrgb&w=600', 0, 0);
INSERT INTO `product_images` (`product_id`, `image_url`, `sort_order`, `is_hover_alternate`) VALUES (36, 'https://images.pexels.com/photos/2235071/pexels-photo-2235071.jpeg?auto=compress&cs=tinysrgb&w=600', 1, 1);
INSERT INTO `product_images` (`product_id`, `image_url`, `sort_order`, `is_hover_alternate`) VALUES (37, 'https://images.pexels.com/photos/1183262/pexels-photo-1183262.jpeg?auto=compress&cs=tinysrgb&w=600', 0, 0);
INSERT INTO `product_images` (`product_id`, `image_url`, `sort_order`, `is_hover_alternate`) VALUES (37, 'https://images.pexels.com/photos/2897531/pexels-photo-2897531.jpeg?auto=compress&cs=tinysrgb&w=600', 1, 1);
INSERT INTO `product_images` (`product_id`, `image_url`, `sort_order`, `is_hover_alternate`) VALUES (38, 'https://images.pexels.com/photos/839011/pexels-photo-839011.jpeg?auto=compress&cs=tinysrgb&w=600', 0, 0);
INSERT INTO `product_images` (`product_id`, `image_url`, `sort_order`, `is_hover_alternate`) VALUES (38, 'https://images.pexels.com/photos/1183262/pexels-photo-1183262.jpeg?auto=compress&cs=tinysrgb&w=600', 1, 1);
INSERT INTO `product_images` (`product_id`, `image_url`, `sort_order`, `is_hover_alternate`) VALUES (39, 'https://images.pexels.com/photos/1450116/pexels-photo-1450116.jpeg?auto=compress&cs=tinysrgb&w=600', 0, 0);
INSERT INTO `product_images` (`product_id`, `image_url`, `sort_order`, `is_hover_alternate`) VALUES (39, 'https://images.pexels.com/photos/839011/pexels-photo-839011.jpeg?auto=compress&cs=tinysrgb&w=600', 1, 1);
INSERT INTO `product_images` (`product_id`, `image_url`, `sort_order`, `is_hover_alternate`) VALUES (40, 'https://images.pexels.com/photos/1183261/pexels-photo-1183261.jpeg?auto=compress&cs=tinysrgb&w=600', 0, 0);
INSERT INTO `product_images` (`product_id`, `image_url`, `sort_order`, `is_hover_alternate`) VALUES (40, 'https://images.pexels.com/photos/1450116/pexels-photo-1450116.jpeg?auto=compress&cs=tinysrgb&w=600', 1, 1);
INSERT INTO `product_images` (`product_id`, `image_url`, `sort_order`, `is_hover_alternate`) VALUES (41, 'https://images.pexels.com/photos/1619806/pexels-photo-1619806.jpeg?auto=compress&cs=tinysrgb&w=600', 0, 0);
INSERT INTO `product_images` (`product_id`, `image_url`, `sort_order`, `is_hover_alternate`) VALUES (41, 'https://images.pexels.com/photos/1619809/pexels-photo-1619809.jpeg?auto=compress&cs=tinysrgb&w=600', 1, 1);
INSERT INTO `product_images` (`product_id`, `image_url`, `sort_order`, `is_hover_alternate`) VALUES (42, 'https://images.pexels.com/photos/1619802/pexels-photo-1619802.jpeg?auto=compress&cs=tinysrgb&w=600', 0, 0);
INSERT INTO `product_images` (`product_id`, `image_url`, `sort_order`, `is_hover_alternate`) VALUES (42, 'https://images.pexels.com/photos/1619806/pexels-photo-1619806.jpeg?auto=compress&cs=tinysrgb&w=600', 1, 1);
INSERT INTO `product_images` (`product_id`, `image_url`, `sort_order`, `is_hover_alternate`) VALUES (43, 'https://images.pexels.com/photos/9834887/pexels-photo-9834887.jpeg?auto=compress&cs=tinysrgb&w=600', 0, 0);
INSERT INTO `product_images` (`product_id`, `image_url`, `sort_order`, `is_hover_alternate`) VALUES (43, 'https://images.pexels.com/photos/1619802/pexels-photo-1619802.jpeg?auto=compress&cs=tinysrgb&w=600', 1, 1);
INSERT INTO `product_images` (`product_id`, `image_url`, `sort_order`, `is_hover_alternate`) VALUES (44, 'https://images.pexels.com/photos/769749/pexels-photo-769749.jpeg?auto=compress&cs=tinysrgb&w=600', 0, 0);
INSERT INTO `product_images` (`product_id`, `image_url`, `sort_order`, `is_hover_alternate`) VALUES (44, 'https://images.pexels.com/photos/9834887/pexels-photo-9834887.jpeg?auto=compress&cs=tinysrgb&w=600', 1, 1);
INSERT INTO `product_images` (`product_id`, `image_url`, `sort_order`, `is_hover_alternate`) VALUES (45, 'https://images.pexels.com/photos/1516680/pexels-photo-1516680.jpeg?auto=compress&cs=tinysrgb&w=600', 0, 0);
INSERT INTO `product_images` (`product_id`, `image_url`, `sort_order`, `is_hover_alternate`) VALUES (45, 'https://images.pexels.com/photos/769749/pexels-photo-769749.jpeg?auto=compress&cs=tinysrgb&w=600', 1, 1);
INSERT INTO `product_images` (`product_id`, `image_url`, `sort_order`, `is_hover_alternate`) VALUES (46, 'https://images.pexels.com/photos/1619801/pexels-photo-1619801.jpeg?auto=compress&cs=tinysrgb&w=600', 0, 0);
INSERT INTO `product_images` (`product_id`, `image_url`, `sort_order`, `is_hover_alternate`) VALUES (46, 'https://images.pexels.com/photos/1516680/pexels-photo-1516680.jpeg?auto=compress&cs=tinysrgb&w=600', 1, 1);
INSERT INTO `product_images` (`product_id`, `image_url`, `sort_order`, `is_hover_alternate`) VALUES (47, 'https://images.pexels.com/photos/1036622/pexels-photo-1036622.jpeg?auto=compress&cs=tinysrgb&w=600', 0, 0);
INSERT INTO `product_images` (`product_id`, `image_url`, `sort_order`, `is_hover_alternate`) VALUES (47, 'https://images.pexels.com/photos/1619801/pexels-photo-1619801.jpeg?auto=compress&cs=tinysrgb&w=600', 1, 1);
INSERT INTO `product_images` (`product_id`, `image_url`, `sort_order`, `is_hover_alternate`) VALUES (48, 'https://images.pexels.com/photos/1526814/pexels-photo-1526814.jpeg?auto=compress&cs=tinysrgb&w=600', 0, 0);
INSERT INTO `product_images` (`product_id`, `image_url`, `sort_order`, `is_hover_alternate`) VALUES (48, 'https://images.pexels.com/photos/1036622/pexels-photo-1036622.jpeg?auto=compress&cs=tinysrgb&w=600', 1, 1);
INSERT INTO `product_images` (`product_id`, `image_url`, `sort_order`, `is_hover_alternate`) VALUES (49, 'https://images.pexels.com/photos/1759622/pexels-photo-1759622.jpeg?auto=compress&cs=tinysrgb&w=600', 0, 0);
INSERT INTO `product_images` (`product_id`, `image_url`, `sort_order`, `is_hover_alternate`) VALUES (49, 'https://images.pexels.com/photos/1526814/pexels-photo-1526814.jpeg?auto=compress&cs=tinysrgb&w=600', 1, 1);
INSERT INTO `product_images` (`product_id`, `image_url`, `sort_order`, `is_hover_alternate`) VALUES (50, 'https://images.pexels.com/photos/1619809/pexels-photo-1619809.jpeg?auto=compress&cs=tinysrgb&w=600', 0, 0);
INSERT INTO `product_images` (`product_id`, `image_url`, `sort_order`, `is_hover_alternate`) VALUES (50, 'https://images.pexels.com/photos/1759622/pexels-photo-1759622.jpeg?auto=compress&cs=tinysrgb&w=600', 1, 1);
INSERT INTO `product_images` (`product_id`, `image_url`, `sort_order`, `is_hover_alternate`) VALUES (51, 'https://images.pexels.com/photos/1183258/pexels-photo-1183258.jpeg?auto=compress&cs=tinysrgb&w=600', 0, 0);
INSERT INTO `product_images` (`product_id`, `image_url`, `sort_order`, `is_hover_alternate`) VALUES (51, 'https://images.pexels.com/photos/5932727/pexels-photo-5932727.jpeg?auto=compress&cs=tinysrgb&w=600', 1, 1);
INSERT INTO `product_images` (`product_id`, `image_url`, `sort_order`, `is_hover_alternate`) VALUES (52, 'https://images.pexels.com/photos/5932727/pexels-photo-5932727.jpeg?auto=compress&cs=tinysrgb&w=600', 0, 0);
INSERT INTO `product_images` (`product_id`, `image_url`, `sort_order`, `is_hover_alternate`) VALUES (52, 'https://images.pexels.com/photos/1183258/pexels-photo-1183258.jpeg?auto=compress&cs=tinysrgb&w=600', 1, 1);
INSERT INTO `product_images` (`product_id`, `image_url`, `sort_order`, `is_hover_alternate`) VALUES (53, 'https://images.pexels.com/photos/3822844/pexels-photo-3822844.jpeg?auto=compress&cs=tinysrgb&w=600', 0, 0);
INSERT INTO `product_images` (`product_id`, `image_url`, `sort_order`, `is_hover_alternate`) VALUES (53, 'https://images.pexels.com/photos/5932727/pexels-photo-5932727.jpeg?auto=compress&cs=tinysrgb&w=600', 1, 1);
INSERT INTO `product_images` (`product_id`, `image_url`, `sort_order`, `is_hover_alternate`) VALUES (54, 'https://images.pexels.com/photos/5709661/pexels-photo-5709661.jpeg?auto=compress&cs=tinysrgb&w=600', 0, 0);
INSERT INTO `product_images` (`product_id`, `image_url`, `sort_order`, `is_hover_alternate`) VALUES (54, 'https://images.pexels.com/photos/3822844/pexels-photo-3822844.jpeg?auto=compress&cs=tinysrgb&w=600', 1, 1);
INSERT INTO `product_images` (`product_id`, `image_url`, `sort_order`, `is_hover_alternate`) VALUES (55, 'https://images.pexels.com/photos/2220316/pexels-photo-2220316.jpeg?auto=compress&cs=tinysrgb&w=600', 0, 0);
INSERT INTO `product_images` (`product_id`, `image_url`, `sort_order`, `is_hover_alternate`) VALUES (55, 'https://images.pexels.com/photos/5709661/pexels-photo-5709661.jpeg?auto=compress&cs=tinysrgb&w=600', 1, 1);
INSERT INTO `product_images` (`product_id`, `image_url`, `sort_order`, `is_hover_alternate`) VALUES (56, 'https://images.pexels.com/photos/2929990/pexels-photo-2929990.jpeg?auto=compress&cs=tinysrgb&w=600', 0, 0);
INSERT INTO `product_images` (`product_id`, `image_url`, `sort_order`, `is_hover_alternate`) VALUES (56, 'https://images.pexels.com/photos/2220316/pexels-photo-2220316.jpeg?auto=compress&cs=tinysrgb&w=600', 1, 1);
INSERT INTO `product_images` (`product_id`, `image_url`, `sort_order`, `is_hover_alternate`) VALUES (57, 'https://images.pexels.com/photos/6083834/pexels-photo-6083834.jpeg?auto=compress&cs=tinysrgb&w=600', 0, 0);
INSERT INTO `product_images` (`product_id`, `image_url`, `sort_order`, `is_hover_alternate`) VALUES (57, 'https://images.pexels.com/photos/2929990/pexels-photo-2929990.jpeg?auto=compress&cs=tinysrgb&w=600', 1, 1);
INSERT INTO `product_images` (`product_id`, `image_url`, `sort_order`, `is_hover_alternate`) VALUES (58, 'https://images.pexels.com/photos/5709668/pexels-photo-5709668.jpeg?auto=compress&cs=tinysrgb&w=600', 0, 0);
INSERT INTO `product_images` (`product_id`, `image_url`, `sort_order`, `is_hover_alternate`) VALUES (58, 'https://images.pexels.com/photos/6083834/pexels-photo-6083834.jpeg?auto=compress&cs=tinysrgb&w=600', 1, 1);
INSERT INTO `product_images` (`product_id`, `image_url`, `sort_order`, `is_hover_alternate`) VALUES (59, 'https://images.pexels.com/photos/6311687/pexels-photo-6311687.jpeg?auto=compress&cs=tinysrgb&w=600', 0, 0);
INSERT INTO `product_images` (`product_id`, `image_url`, `sort_order`, `is_hover_alternate`) VALUES (59, 'https://images.pexels.com/photos/5709668/pexels-photo-5709668.jpeg?auto=compress&cs=tinysrgb&w=600', 1, 1);
INSERT INTO `product_images` (`product_id`, `image_url`, `sort_order`, `is_hover_alternate`) VALUES (60, 'https://images.pexels.com/photos/8485731/pexels-photo-8485731.jpeg?auto=compress&cs=tinysrgb&w=600', 0, 0);
INSERT INTO `product_images` (`product_id`, `image_url`, `sort_order`, `is_hover_alternate`) VALUES (60, 'https://images.pexels.com/photos/6311687/pexels-photo-6311687.jpeg?auto=compress&cs=tinysrgb&w=600', 1, 1);
INSERT INTO `product_images` (`product_id`, `image_url`, `sort_order`, `is_hover_alternate`) VALUES (61, 'https://images.pexels.com/photos/2885913/pexels-photo-2885913.jpeg?auto=compress&cs=tinysrgb&w=600', 0, 0);
INSERT INTO `product_images` (`product_id`, `image_url`, `sort_order`, `is_hover_alternate`) VALUES (61, 'https://images.pexels.com/photos/2885914/pexels-photo-2885914.jpeg?auto=compress&cs=tinysrgb&w=600', 1, 1);
INSERT INTO `product_images` (`product_id`, `image_url`, `sort_order`, `is_hover_alternate`) VALUES (62, 'https://images.pexels.com/photos/5946124/pexels-photo-5946124.jpeg?auto=compress&cs=tinysrgb&w=600', 0, 0);
INSERT INTO `product_images` (`product_id`, `image_url`, `sort_order`, `is_hover_alternate`) VALUES (62, 'https://images.pexels.com/photos/2885913/pexels-photo-2885913.jpeg?auto=compress&cs=tinysrgb&w=600', 1, 1);
INSERT INTO `product_images` (`product_id`, `image_url`, `sort_order`, `is_hover_alternate`) VALUES (63, 'https://images.pexels.com/photos/3657429/pexels-photo-3657429.jpeg?auto=compress&cs=tinysrgb&w=600', 0, 0);
INSERT INTO `product_images` (`product_id`, `image_url`, `sort_order`, `is_hover_alternate`) VALUES (63, 'https://images.pexels.com/photos/5946124/pexels-photo-5946124.jpeg?auto=compress&cs=tinysrgb&w=600', 1, 1);
INSERT INTO `product_images` (`product_id`, `image_url`, `sort_order`, `is_hover_alternate`) VALUES (64, 'https://images.pexels.com/photos/5946152/pexels-photo-5946152.jpeg?auto=compress&cs=tinysrgb&w=600', 0, 0);
INSERT INTO `product_images` (`product_id`, `image_url`, `sort_order`, `is_hover_alternate`) VALUES (64, 'https://images.pexels.com/photos/3657429/pexels-photo-3657429.jpeg?auto=compress&cs=tinysrgb&w=600', 1, 1);
INSERT INTO `product_images` (`product_id`, `image_url`, `sort_order`, `is_hover_alternate`) VALUES (65, 'https://images.pexels.com/photos/2885902/pexels-photo-2885902.jpeg?auto=compress&cs=tinysrgb&w=600', 0, 0);
INSERT INTO `product_images` (`product_id`, `image_url`, `sort_order`, `is_hover_alternate`) VALUES (65, 'https://images.pexels.com/photos/5946152/pexels-photo-5946152.jpeg?auto=compress&cs=tinysrgb&w=600', 1, 1);
INSERT INTO `product_images` (`product_id`, `image_url`, `sort_order`, `is_hover_alternate`) VALUES (66, 'https://images.pexels.com/photos/2885914/pexels-photo-2885914.jpeg?auto=compress&cs=tinysrgb&w=600', 0, 0);
INSERT INTO `product_images` (`product_id`, `image_url`, `sort_order`, `is_hover_alternate`) VALUES (66, 'https://images.pexels.com/photos/2885902/pexels-photo-2885902.jpeg?auto=compress&cs=tinysrgb&w=600', 1, 1);
INSERT INTO `product_images` (`product_id`, `image_url`, `sort_order`, `is_hover_alternate`) VALUES (67, 'https://images.pexels.com/photos/5946150/pexels-photo-5946150.jpeg?auto=compress&cs=tinysrgb&w=600', 0, 0);
INSERT INTO `product_images` (`product_id`, `image_url`, `sort_order`, `is_hover_alternate`) VALUES (67, 'https://images.pexels.com/photos/2885914/pexels-photo-2885914.jpeg?auto=compress&cs=tinysrgb&w=600', 1, 1);
INSERT INTO `product_images` (`product_id`, `image_url`, `sort_order`, `is_hover_alternate`) VALUES (68, 'https://images.pexels.com/photos/2885901/pexels-photo-2885901.jpeg?auto=compress&cs=tinysrgb&w=600', 0, 0);
INSERT INTO `product_images` (`product_id`, `image_url`, `sort_order`, `is_hover_alternate`) VALUES (68, 'https://images.pexels.com/photos/5946150/pexels-photo-5946150.jpeg?auto=compress&cs=tinysrgb&w=600', 1, 1);
INSERT INTO `product_images` (`product_id`, `image_url`, `sort_order`, `is_hover_alternate`) VALUES (69, 'https://images.pexels.com/photos/6311545/pexels-photo-6311545.jpeg?auto=compress&cs=tinysrgb&w=600', 0, 0);
INSERT INTO `product_images` (`product_id`, `image_url`, `sort_order`, `is_hover_alternate`) VALUES (69, 'https://images.pexels.com/photos/2885901/pexels-photo-2885901.jpeg?auto=compress&cs=tinysrgb&w=600', 1, 1);
INSERT INTO `product_images` (`product_id`, `image_url`, `sort_order`, `is_hover_alternate`) VALUES (70, 'https://images.pexels.com/photos/3657425/pexels-photo-3657425.jpeg?auto=compress&cs=tinysrgb&w=600', 0, 0);
INSERT INTO `product_images` (`product_id`, `image_url`, `sort_order`, `is_hover_alternate`) VALUES (70, 'https://images.pexels.com/photos/6311545/pexels-photo-6311545.jpeg?auto=compress&cs=tinysrgb&w=600', 1, 1);
INSERT INTO `product_images` (`product_id`, `image_url`, `sort_order`, `is_hover_alternate`) VALUES (71, 'https://images.pexels.com/photos/1598500/pexels-photo-1598500.jpeg?auto=compress&cs=tinysrgb&w=600', 0, 0);
INSERT INTO `product_images` (`product_id`, `image_url`, `sort_order`, `is_hover_alternate`) VALUES (71, 'https://images.pexels.com/photos/1598501/pexels-photo-1598501.jpeg?auto=compress&cs=tinysrgb&w=600', 1, 1);
INSERT INTO `product_images` (`product_id`, `image_url`, `sort_order`, `is_hover_alternate`) VALUES (72, 'https://images.pexels.com/photos/1598505/pexels-photo-1598505.jpeg?auto=compress&cs=tinysrgb&w=600', 0, 0);
INSERT INTO `product_images` (`product_id`, `image_url`, `sort_order`, `is_hover_alternate`) VALUES (72, 'https://images.pexels.com/photos/1598500/pexels-photo-1598500.jpeg?auto=compress&cs=tinysrgb&w=600', 1, 1);
INSERT INTO `product_images` (`product_id`, `image_url`, `sort_order`, `is_hover_alternate`) VALUES (73, 'https://images.pexels.com/photos/1009000/pexels-photo-1009000.jpeg?auto=compress&cs=tinysrgb&w=600', 0, 0);
INSERT INTO `product_images` (`product_id`, `image_url`, `sort_order`, `is_hover_alternate`) VALUES (73, 'https://images.pexels.com/photos/1598505/pexels-photo-1598505.jpeg?auto=compress&cs=tinysrgb&w=600', 1, 1);
INSERT INTO `product_images` (`product_id`, `image_url`, `sort_order`, `is_hover_alternate`) VALUES (74, 'https://images.pexels.com/photos/1346187/pexels-photo-1346187.jpeg?auto=compress&cs=tinysrgb&w=600', 0, 0);
INSERT INTO `product_images` (`product_id`, `image_url`, `sort_order`, `is_hover_alternate`) VALUES (74, 'https://images.pexels.com/photos/1009000/pexels-photo-1009000.jpeg?auto=compress&cs=tinysrgb&w=600', 1, 1);
INSERT INTO `product_images` (`product_id`, `image_url`, `sort_order`, `is_hover_alternate`) VALUES (75, 'https://images.pexels.com/photos/4255627/pexels-photo-4255627.jpeg?auto=compress&cs=tinysrgb&w=600', 0, 0);
INSERT INTO `product_images` (`product_id`, `image_url`, `sort_order`, `is_hover_alternate`) VALUES (75, 'https://images.pexels.com/photos/1346187/pexels-photo-1346187.jpeg?auto=compress&cs=tinysrgb&w=600', 1, 1);
INSERT INTO `product_images` (`product_id`, `image_url`, `sort_order`, `is_hover_alternate`) VALUES (76, 'https://images.pexels.com/photos/2869075/pexels-photo-2869075.jpeg?auto=compress&cs=tinysrgb&w=600', 0, 0);
INSERT INTO `product_images` (`product_id`, `image_url`, `sort_order`, `is_hover_alternate`) VALUES (76, 'https://images.pexels.com/photos/4255627/pexels-photo-4255627.jpeg?auto=compress&cs=tinysrgb&w=600', 1, 1);
INSERT INTO `product_images` (`product_id`, `image_url`, `sort_order`, `is_hover_alternate`) VALUES (77, 'https://images.pexels.com/photos/3119215/pexels-photo-3119215.jpeg?auto=compress&cs=tinysrgb&w=600', 0, 0);
INSERT INTO `product_images` (`product_id`, `image_url`, `sort_order`, `is_hover_alternate`) VALUES (77, 'https://images.pexels.com/photos/2869075/pexels-photo-2869075.jpeg?auto=compress&cs=tinysrgb&w=600', 1, 1);
INSERT INTO `product_images` (`product_id`, `image_url`, `sort_order`, `is_hover_alternate`) VALUES (78, 'https://images.pexels.com/photos/6311542/pexels-photo-6311542.jpeg?auto=compress&cs=tinysrgb&w=600', 0, 0);
INSERT INTO `product_images` (`product_id`, `image_url`, `sort_order`, `is_hover_alternate`) VALUES (78, 'https://images.pexels.com/photos/3119215/pexels-photo-3119215.jpeg?auto=compress&cs=tinysrgb&w=600', 1, 1);
INSERT INTO `product_images` (`product_id`, `image_url`, `sort_order`, `is_hover_alternate`) VALUES (79, 'https://images.pexels.com/photos/1598508/pexels-photo-1598508.jpeg?auto=compress&cs=tinysrgb&w=600', 0, 0);
INSERT INTO `product_images` (`product_id`, `image_url`, `sort_order`, `is_hover_alternate`) VALUES (79, 'https://images.pexels.com/photos/6311542/pexels-photo-6311542.jpeg?auto=compress&cs=tinysrgb&w=600', 1, 1);
INSERT INTO `product_images` (`product_id`, `image_url`, `sort_order`, `is_hover_alternate`) VALUES (80, 'https://images.pexels.com/photos/1598501/pexels-photo-1598501.jpeg?auto=compress&cs=tinysrgb&w=600', 0, 0);
INSERT INTO `product_images` (`product_id`, `image_url`, `sort_order`, `is_hover_alternate`) VALUES (80, 'https://images.pexels.com/photos/1598508/pexels-photo-1598508.jpeg?auto=compress&cs=tinysrgb&w=600', 1, 1);
INSERT INTO `product_images` (`product_id`, `image_url`, `sort_order`, `is_hover_alternate`) VALUES (81, 'https://images.pexels.com/photos/9153428/pexels-photo-9153428.jpeg?auto=compress&cs=tinysrgb&w=600', 0, 0);
INSERT INTO `product_images` (`product_id`, `image_url`, `sort_order`, `is_hover_alternate`) VALUES (81, 'https://images.pexels.com/photos/9153427/pexels-photo-9153427.jpeg?auto=compress&cs=tinysrgb&w=600', 1, 1);
INSERT INTO `product_images` (`product_id`, `image_url`, `sort_order`, `is_hover_alternate`) VALUES (82, 'https://images.pexels.com/photos/9153434/pexels-photo-9153434.jpeg?auto=compress&cs=tinysrgb&w=600', 0, 0);
INSERT INTO `product_images` (`product_id`, `image_url`, `sort_order`, `is_hover_alternate`) VALUES (82, 'https://images.pexels.com/photos/9153428/pexels-photo-9153428.jpeg?auto=compress&cs=tinysrgb&w=600', 1, 1);
INSERT INTO `product_images` (`product_id`, `image_url`, `sort_order`, `is_hover_alternate`) VALUES (83, 'https://images.pexels.com/photos/9153431/pexels-photo-9153431.jpeg?auto=compress&cs=tinysrgb&w=600', 0, 0);
INSERT INTO `product_images` (`product_id`, `image_url`, `sort_order`, `is_hover_alternate`) VALUES (83, 'https://images.pexels.com/photos/9153434/pexels-photo-9153434.jpeg?auto=compress&cs=tinysrgb&w=600', 1, 1);
INSERT INTO `product_images` (`product_id`, `image_url`, `sort_order`, `is_hover_alternate`) VALUES (84, 'https://images.pexels.com/photos/9153429/pexels-photo-9153429.jpeg?auto=compress&cs=tinysrgb&w=600', 0, 0);
INSERT INTO `product_images` (`product_id`, `image_url`, `sort_order`, `is_hover_alternate`) VALUES (84, 'https://images.pexels.com/photos/9153431/pexels-photo-9153431.jpeg?auto=compress&cs=tinysrgb&w=600', 1, 1);
INSERT INTO `product_images` (`product_id`, `image_url`, `sort_order`, `is_hover_alternate`) VALUES (85, 'https://images.pexels.com/photos/9153430/pexels-photo-9153430.jpeg?auto=compress&cs=tinysrgb&w=600', 0, 0);
INSERT INTO `product_images` (`product_id`, `image_url`, `sort_order`, `is_hover_alternate`) VALUES (85, 'https://images.pexels.com/photos/9153429/pexels-photo-9153429.jpeg?auto=compress&cs=tinysrgb&w=600', 1, 1);
INSERT INTO `product_images` (`product_id`, `image_url`, `sort_order`, `is_hover_alternate`) VALUES (86, 'https://images.pexels.com/photos/9153437/pexels-photo-9153437.jpeg?auto=compress&cs=tinysrgb&w=600', 0, 0);
INSERT INTO `product_images` (`product_id`, `image_url`, `sort_order`, `is_hover_alternate`) VALUES (86, 'https://images.pexels.com/photos/9153430/pexels-photo-9153430.jpeg?auto=compress&cs=tinysrgb&w=600', 1, 1);
INSERT INTO `product_images` (`product_id`, `image_url`, `sort_order`, `is_hover_alternate`) VALUES (87, 'https://images.pexels.com/photos/9153427/pexels-photo-9153427.jpeg?auto=compress&cs=tinysrgb&w=600', 0, 0);
INSERT INTO `product_images` (`product_id`, `image_url`, `sort_order`, `is_hover_alternate`) VALUES (87, 'https://images.pexels.com/photos/9153437/pexels-photo-9153437.jpeg?auto=compress&cs=tinysrgb&w=600', 1, 1);
INSERT INTO `product_images` (`product_id`, `image_url`, `sort_order`, `is_hover_alternate`) VALUES (88, 'https://images.pexels.com/photos/9153435/pexels-photo-9153435.jpeg?auto=compress&cs=tinysrgb&w=600', 0, 0);
INSERT INTO `product_images` (`product_id`, `image_url`, `sort_order`, `is_hover_alternate`) VALUES (88, 'https://images.pexels.com/photos/9153427/pexels-photo-9153427.jpeg?auto=compress&cs=tinysrgb&w=600', 1, 1);
INSERT INTO `product_images` (`product_id`, `image_url`, `sort_order`, `is_hover_alternate`) VALUES (89, 'https://images.pexels.com/photos/9153438/pexels-photo-9153438.jpeg?auto=compress&cs=tinysrgb&w=600', 0, 0);
INSERT INTO `product_images` (`product_id`, `image_url`, `sort_order`, `is_hover_alternate`) VALUES (89, 'https://images.pexels.com/photos/9153435/pexels-photo-9153435.jpeg?auto=compress&cs=tinysrgb&w=600', 1, 1);
INSERT INTO `product_images` (`product_id`, `image_url`, `sort_order`, `is_hover_alternate`) VALUES (90, 'https://images.pexels.com/photos/9153439/pexels-photo-9153439.jpeg?auto=compress&cs=tinysrgb&w=600', 0, 0);
INSERT INTO `product_images` (`product_id`, `image_url`, `sort_order`, `is_hover_alternate`) VALUES (90, 'https://images.pexels.com/photos/9153438/pexels-photo-9153438.jpeg?auto=compress&cs=tinysrgb&w=600', 1, 1);
INSERT INTO `product_images` (`product_id`, `image_url`, `sort_order`, `is_hover_alternate`) VALUES (91, 'https://images.pexels.com/photos/1078958/pexels-photo-1078958.jpeg?auto=compress&cs=tinysrgb&w=600', 0, 0);
INSERT INTO `product_images` (`product_id`, `image_url`, `sort_order`, `is_hover_alternate`) VALUES (91, 'https://images.pexels.com/photos/1485031/pexels-photo-1485031.jpeg?auto=compress&cs=tinysrgb&w=600', 1, 1);
INSERT INTO `product_images` (`product_id`, `image_url`, `sort_order`, `is_hover_alternate`) VALUES (92, 'https://images.pexels.com/photos/844864/pexels-photo-844864.jpeg?auto=compress&cs=tinysrgb&w=600', 0, 0);
INSERT INTO `product_images` (`product_id`, `image_url`, `sort_order`, `is_hover_alternate`) VALUES (92, 'https://images.pexels.com/photos/1078958/pexels-photo-1078958.jpeg?auto=compress&cs=tinysrgb&w=600', 1, 1);
INSERT INTO `product_images` (`product_id`, `image_url`, `sort_order`, `is_hover_alternate`) VALUES (93, 'https://images.pexels.com/photos/3582102/pexels-photo-3582102.jpeg?auto=compress&cs=tinysrgb&w=600', 0, 0);
INSERT INTO `product_images` (`product_id`, `image_url`, `sort_order`, `is_hover_alternate`) VALUES (93, 'https://images.pexels.com/photos/844864/pexels-photo-844864.jpeg?auto=compress&cs=tinysrgb&w=600', 1, 1);
INSERT INTO `product_images` (`product_id`, `image_url`, `sort_order`, `is_hover_alternate`) VALUES (94, 'https://images.pexels.com/photos/1858175/pexels-photo-1858175.jpeg?auto=compress&cs=tinysrgb&w=600', 0, 0);
INSERT INTO `product_images` (`product_id`, `image_url`, `sort_order`, `is_hover_alternate`) VALUES (94, 'https://images.pexels.com/photos/3582102/pexels-photo-3582102.jpeg?auto=compress&cs=tinysrgb&w=600', 1, 1);
INSERT INTO `product_images` (`product_id`, `image_url`, `sort_order`, `is_hover_alternate`) VALUES (95, 'https://images.pexels.com/photos/1078955/pexels-photo-1078955.jpeg?auto=compress&cs=tinysrgb&w=600', 0, 0);
INSERT INTO `product_images` (`product_id`, `image_url`, `sort_order`, `is_hover_alternate`) VALUES (95, 'https://images.pexels.com/photos/1858175/pexels-photo-1858175.jpeg?auto=compress&cs=tinysrgb&w=600', 1, 1);
INSERT INTO `product_images` (`product_id`, `image_url`, `sort_order`, `is_hover_alternate`) VALUES (96, 'https://images.pexels.com/photos/1078956/pexels-photo-1078956.jpeg?auto=compress&cs=tinysrgb&w=600', 0, 0);
INSERT INTO `product_images` (`product_id`, `image_url`, `sort_order`, `is_hover_alternate`) VALUES (96, 'https://images.pexels.com/photos/1078955/pexels-photo-1078955.jpeg?auto=compress&cs=tinysrgb&w=600', 1, 1);
INSERT INTO `product_images` (`product_id`, `image_url`, `sort_order`, `is_hover_alternate`) VALUES (97, 'https://images.pexels.com/photos/1124466/pexels-photo-1124466.jpeg?auto=compress&cs=tinysrgb&w=600', 0, 0);
INSERT INTO `product_images` (`product_id`, `image_url`, `sort_order`, `is_hover_alternate`) VALUES (97, 'https://images.pexels.com/photos/1078956/pexels-photo-1078956.jpeg?auto=compress&cs=tinysrgb&w=600', 1, 1);
INSERT INTO `product_images` (`product_id`, `image_url`, `sort_order`, `is_hover_alternate`) VALUES (98, 'https://images.pexels.com/photos/1078954/pexels-photo-1078954.jpeg?auto=compress&cs=tinysrgb&w=600', 0, 0);
INSERT INTO `product_images` (`product_id`, `image_url`, `sort_order`, `is_hover_alternate`) VALUES (98, 'https://images.pexels.com/photos/1124466/pexels-photo-1124466.jpeg?auto=compress&cs=tinysrgb&w=600', 1, 1);
INSERT INTO `product_images` (`product_id`, `image_url`, `sort_order`, `is_hover_alternate`) VALUES (99, 'https://images.pexels.com/photos/1078953/pexels-photo-1078953.jpeg?auto=compress&cs=tinysrgb&w=600', 0, 0);
INSERT INTO `product_images` (`product_id`, `image_url`, `sort_order`, `is_hover_alternate`) VALUES (99, 'https://images.pexels.com/photos/1078954/pexels-photo-1078954.jpeg?auto=compress&cs=tinysrgb&w=600', 1, 1);
INSERT INTO `product_images` (`product_id`, `image_url`, `sort_order`, `is_hover_alternate`) VALUES (100, 'https://images.pexels.com/photos/1485031/pexels-photo-1485031.jpeg?auto=compress&cs=tinysrgb&w=600', 0, 0);
INSERT INTO `product_images` (`product_id`, `image_url`, `sort_order`, `is_hover_alternate`) VALUES (100, 'https://images.pexels.com/photos/1078953/pexels-photo-1078953.jpeg?auto=compress&cs=tinysrgb&w=600', 1, 1);
INSERT INTO `product_images` (`product_id`, `image_url`, `sort_order`, `is_hover_alternate`) VALUES (101, 'https://images.pexels.com/photos/1294659/pexels-photo-1294659.jpeg?auto=compress&cs=tinysrgb&w=600', 0, 0);
INSERT INTO `product_images` (`product_id`, `image_url`, `sort_order`, `is_hover_alternate`) VALUES (101, 'https://images.pexels.com/photos/1294665/pexels-photo-1294665.jpeg?auto=compress&cs=tinysrgb&w=600', 1, 1);
INSERT INTO `product_images` (`product_id`, `image_url`, `sort_order`, `is_hover_alternate`) VALUES (102, 'https://images.pexels.com/photos/1294656/pexels-photo-1294656.jpeg?auto=compress&cs=tinysrgb&w=600', 0, 0);
INSERT INTO `product_images` (`product_id`, `image_url`, `sort_order`, `is_hover_alternate`) VALUES (102, 'https://images.pexels.com/photos/1294659/pexels-photo-1294659.jpeg?auto=compress&cs=tinysrgb&w=600', 1, 1);
INSERT INTO `product_images` (`product_id`, `image_url`, `sort_order`, `is_hover_alternate`) VALUES (103, 'https://images.pexels.com/photos/1294671/pexels-photo-1294671.jpeg?auto=compress&cs=tinysrgb&w=600', 0, 0);
INSERT INTO `product_images` (`product_id`, `image_url`, `sort_order`, `is_hover_alternate`) VALUES (103, 'https://images.pexels.com/photos/1294656/pexels-photo-1294656.jpeg?auto=compress&cs=tinysrgb&w=600', 1, 1);
INSERT INTO `product_images` (`product_id`, `image_url`, `sort_order`, `is_hover_alternate`) VALUES (104, 'https://images.pexels.com/photos/1294672/pexels-photo-1294672.jpeg?auto=compress&cs=tinysrgb&w=600', 0, 0);
INSERT INTO `product_images` (`product_id`, `image_url`, `sort_order`, `is_hover_alternate`) VALUES (104, 'https://images.pexels.com/photos/1294671/pexels-photo-1294671.jpeg?auto=compress&cs=tinysrgb&w=600', 1, 1);
INSERT INTO `product_images` (`product_id`, `image_url`, `sort_order`, `is_hover_alternate`) VALUES (105, 'https://images.pexels.com/photos/1294657/pexels-photo-1294657.jpeg?auto=compress&cs=tinysrgb&w=600', 0, 0);
INSERT INTO `product_images` (`product_id`, `image_url`, `sort_order`, `is_hover_alternate`) VALUES (105, 'https://images.pexels.com/photos/1294672/pexels-photo-1294672.jpeg?auto=compress&cs=tinysrgb&w=600', 1, 1);
INSERT INTO `product_images` (`product_id`, `image_url`, `sort_order`, `is_hover_alternate`) VALUES (106, 'https://images.pexels.com/photos/1294668/pexels-photo-1294668.jpeg?auto=compress&cs=tinysrgb&w=600', 0, 0);
INSERT INTO `product_images` (`product_id`, `image_url`, `sort_order`, `is_hover_alternate`) VALUES (106, 'https://images.pexels.com/photos/1294657/pexels-photo-1294657.jpeg?auto=compress&cs=tinysrgb&w=600', 1, 1);
INSERT INTO `product_images` (`product_id`, `image_url`, `sort_order`, `is_hover_alternate`) VALUES (107, 'https://images.pexels.com/photos/1294669/pexels-photo-1294669.jpeg?auto=compress&cs=tinysrgb&w=600', 0, 0);
INSERT INTO `product_images` (`product_id`, `image_url`, `sort_order`, `is_hover_alternate`) VALUES (107, 'https://images.pexels.com/photos/1294668/pexels-photo-1294668.jpeg?auto=compress&cs=tinysrgb&w=600', 1, 1);
INSERT INTO `product_images` (`product_id`, `image_url`, `sort_order`, `is_hover_alternate`) VALUES (108, 'https://images.pexels.com/photos/1294674/pexels-photo-1294674.jpeg?auto=compress&cs=tinysrgb&w=600', 0, 0);
INSERT INTO `product_images` (`product_id`, `image_url`, `sort_order`, `is_hover_alternate`) VALUES (108, 'https://images.pexels.com/photos/1294669/pexels-photo-1294669.jpeg?auto=compress&cs=tinysrgb&w=600', 1, 1);
INSERT INTO `product_images` (`product_id`, `image_url`, `sort_order`, `is_hover_alternate`) VALUES (109, 'https://images.pexels.com/photos/1294667/pexels-photo-1294667.jpeg?auto=compress&cs=tinysrgb&w=600', 0, 0);
INSERT INTO `product_images` (`product_id`, `image_url`, `sort_order`, `is_hover_alternate`) VALUES (109, 'https://images.pexels.com/photos/1294674/pexels-photo-1294674.jpeg?auto=compress&cs=tinysrgb&w=600', 1, 1);
INSERT INTO `product_images` (`product_id`, `image_url`, `sort_order`, `is_hover_alternate`) VALUES (110, 'https://images.pexels.com/photos/1294665/pexels-photo-1294665.jpeg?auto=compress&cs=tinysrgb&w=600', 0, 0);
INSERT INTO `product_images` (`product_id`, `image_url`, `sort_order`, `is_hover_alternate`) VALUES (110, 'https://images.pexels.com/photos/1294667/pexels-photo-1294667.jpeg?auto=compress&cs=tinysrgb&w=600', 1, 1);

-- ==========================================
-- 7. SEED PRODUCT VARIANTS
-- ==========================================
INSERT INTO `product_variants` (`id`, `product_id`, `size`, `color`, `stock`, `sku`) VALUES (1, 1, 'S', 'Black', 84, 'SLY-TEE-1-S');
INSERT INTO `product_variants` (`id`, `product_id`, `size`, `color`, `stock`, `sku`) VALUES (2, 1, 'M', 'Black', 121, 'SLY-TEE-1-M');
INSERT INTO `product_variants` (`id`, `product_id`, `size`, `color`, `stock`, `sku`) VALUES (3, 1, 'L', 'Black', 78, 'SLY-TEE-1-L');
INSERT INTO `product_variants` (`id`, `product_id`, `size`, `color`, `stock`, `sku`) VALUES (4, 1, 'XL', 'Black', 65, 'SLY-TEE-1-XL');
INSERT INTO `product_variants` (`id`, `product_id`, `size`, `color`, `stock`, `sku`) VALUES (5, 2, 'S', 'Black', 97, 'SLY-TEE-2-S');
INSERT INTO `product_variants` (`id`, `product_id`, `size`, `color`, `stock`, `sku`) VALUES (6, 2, 'M', 'Black', 112, 'SLY-TEE-2-M');
INSERT INTO `product_variants` (`id`, `product_id`, `size`, `color`, `stock`, `sku`) VALUES (7, 2, 'L', 'Black', 95, 'SLY-TEE-2-L');
INSERT INTO `product_variants` (`id`, `product_id`, `size`, `color`, `stock`, `sku`) VALUES (8, 2, 'XL', 'Black', 49, 'SLY-TEE-2-XL');
INSERT INTO `product_variants` (`id`, `product_id`, `size`, `color`, `stock`, `sku`) VALUES (9, 3, 'S', 'Black', 67, 'SLY-TEE-3-S');
INSERT INTO `product_variants` (`id`, `product_id`, `size`, `color`, `stock`, `sku`) VALUES (10, 3, 'M', 'Black', 33, 'SLY-TEE-3-M');
INSERT INTO `product_variants` (`id`, `product_id`, `size`, `color`, `stock`, `sku`) VALUES (11, 3, 'L', 'Black', 69, 'SLY-TEE-3-L');
INSERT INTO `product_variants` (`id`, `product_id`, `size`, `color`, `stock`, `sku`) VALUES (12, 3, 'XL', 'Black', 117, 'SLY-TEE-3-XL');
INSERT INTO `product_variants` (`id`, `product_id`, `size`, `color`, `stock`, `sku`) VALUES (13, 4, 'S', 'Black', 92, 'SLY-TEE-4-S');
INSERT INTO `product_variants` (`id`, `product_id`, `size`, `color`, `stock`, `sku`) VALUES (14, 4, 'M', 'Black', 113, 'SLY-TEE-4-M');
INSERT INTO `product_variants` (`id`, `product_id`, `size`, `color`, `stock`, `sku`) VALUES (15, 4, 'L', 'Black', 148, 'SLY-TEE-4-L');
INSERT INTO `product_variants` (`id`, `product_id`, `size`, `color`, `stock`, `sku`) VALUES (16, 4, 'XL', 'Black', 122, 'SLY-TEE-4-XL');
INSERT INTO `product_variants` (`id`, `product_id`, `size`, `color`, `stock`, `sku`) VALUES (17, 5, 'S', 'Black', 36, 'SLY-TEE-5-S');
INSERT INTO `product_variants` (`id`, `product_id`, `size`, `color`, `stock`, `sku`) VALUES (18, 5, 'M', 'Black', 37, 'SLY-TEE-5-M');
INSERT INTO `product_variants` (`id`, `product_id`, `size`, `color`, `stock`, `sku`) VALUES (19, 5, 'L', 'Black', 84, 'SLY-TEE-5-L');
INSERT INTO `product_variants` (`id`, `product_id`, `size`, `color`, `stock`, `sku`) VALUES (20, 5, 'XL', 'Black', 114, 'SLY-TEE-5-XL');
INSERT INTO `product_variants` (`id`, `product_id`, `size`, `color`, `stock`, `sku`) VALUES (21, 6, 'S', 'Black', 110, 'SLY-TEE-6-S');
INSERT INTO `product_variants` (`id`, `product_id`, `size`, `color`, `stock`, `sku`) VALUES (22, 6, 'M', 'Black', 81, 'SLY-TEE-6-M');
INSERT INTO `product_variants` (`id`, `product_id`, `size`, `color`, `stock`, `sku`) VALUES (23, 6, 'L', 'Black', 88, 'SLY-TEE-6-L');
INSERT INTO `product_variants` (`id`, `product_id`, `size`, `color`, `stock`, `sku`) VALUES (24, 6, 'XL', 'Black', 30, 'SLY-TEE-6-XL');
INSERT INTO `product_variants` (`id`, `product_id`, `size`, `color`, `stock`, `sku`) VALUES (25, 7, 'S', 'Black', 129, 'SLY-TEE-7-S');
INSERT INTO `product_variants` (`id`, `product_id`, `size`, `color`, `stock`, `sku`) VALUES (26, 7, 'M', 'Black', 139, 'SLY-TEE-7-M');
INSERT INTO `product_variants` (`id`, `product_id`, `size`, `color`, `stock`, `sku`) VALUES (27, 7, 'L', 'Black', 32, 'SLY-TEE-7-L');
INSERT INTO `product_variants` (`id`, `product_id`, `size`, `color`, `stock`, `sku`) VALUES (28, 7, 'XL', 'Black', 117, 'SLY-TEE-7-XL');
INSERT INTO `product_variants` (`id`, `product_id`, `size`, `color`, `stock`, `sku`) VALUES (29, 8, 'S', 'Black', 73, 'SLY-TEE-8-S');
INSERT INTO `product_variants` (`id`, `product_id`, `size`, `color`, `stock`, `sku`) VALUES (30, 8, 'M', 'Black', 150, 'SLY-TEE-8-M');
INSERT INTO `product_variants` (`id`, `product_id`, `size`, `color`, `stock`, `sku`) VALUES (31, 8, 'L', 'Black', 78, 'SLY-TEE-8-L');
INSERT INTO `product_variants` (`id`, `product_id`, `size`, `color`, `stock`, `sku`) VALUES (32, 8, 'XL', 'Black', 67, 'SLY-TEE-8-XL');
INSERT INTO `product_variants` (`id`, `product_id`, `size`, `color`, `stock`, `sku`) VALUES (33, 9, 'S', 'Black', 87, 'SLY-TEE-9-S');
INSERT INTO `product_variants` (`id`, `product_id`, `size`, `color`, `stock`, `sku`) VALUES (34, 9, 'M', 'Black', 108, 'SLY-TEE-9-M');
INSERT INTO `product_variants` (`id`, `product_id`, `size`, `color`, `stock`, `sku`) VALUES (35, 9, 'L', 'Black', 94, 'SLY-TEE-9-L');
INSERT INTO `product_variants` (`id`, `product_id`, `size`, `color`, `stock`, `sku`) VALUES (36, 9, 'XL', 'Black', 116, 'SLY-TEE-9-XL');
INSERT INTO `product_variants` (`id`, `product_id`, `size`, `color`, `stock`, `sku`) VALUES (37, 10, 'S', 'Black', 110, 'SLY-TEE-10-S');
INSERT INTO `product_variants` (`id`, `product_id`, `size`, `color`, `stock`, `sku`) VALUES (38, 10, 'M', 'Black', 116, 'SLY-TEE-10-M');
INSERT INTO `product_variants` (`id`, `product_id`, `size`, `color`, `stock`, `sku`) VALUES (39, 10, 'L', 'Black', 139, 'SLY-TEE-10-L');
INSERT INTO `product_variants` (`id`, `product_id`, `size`, `color`, `stock`, `sku`) VALUES (40, 10, 'XL', 'Black', 143, 'SLY-TEE-10-XL');
INSERT INTO `product_variants` (`id`, `product_id`, `size`, `color`, `stock`, `sku`) VALUES (41, 11, 'S', 'Black', 116, 'SLY-POLO-11-S');
INSERT INTO `product_variants` (`id`, `product_id`, `size`, `color`, `stock`, `sku`) VALUES (42, 11, 'M', 'Black', 83, 'SLY-POLO-11-M');
INSERT INTO `product_variants` (`id`, `product_id`, `size`, `color`, `stock`, `sku`) VALUES (43, 11, 'L', 'Black', 114, 'SLY-POLO-11-L');
INSERT INTO `product_variants` (`id`, `product_id`, `size`, `color`, `stock`, `sku`) VALUES (44, 11, 'XL', 'Black', 85, 'SLY-POLO-11-XL');
INSERT INTO `product_variants` (`id`, `product_id`, `size`, `color`, `stock`, `sku`) VALUES (45, 12, 'S', 'Black', 132, 'SLY-POLO-12-S');
INSERT INTO `product_variants` (`id`, `product_id`, `size`, `color`, `stock`, `sku`) VALUES (46, 12, 'M', 'Black', 107, 'SLY-POLO-12-M');
INSERT INTO `product_variants` (`id`, `product_id`, `size`, `color`, `stock`, `sku`) VALUES (47, 12, 'L', 'Black', 31, 'SLY-POLO-12-L');
INSERT INTO `product_variants` (`id`, `product_id`, `size`, `color`, `stock`, `sku`) VALUES (48, 12, 'XL', 'Black', 139, 'SLY-POLO-12-XL');
INSERT INTO `product_variants` (`id`, `product_id`, `size`, `color`, `stock`, `sku`) VALUES (49, 13, 'S', 'Black', 84, 'SLY-POLO-13-S');
INSERT INTO `product_variants` (`id`, `product_id`, `size`, `color`, `stock`, `sku`) VALUES (50, 13, 'M', 'Black', 63, 'SLY-POLO-13-M');
INSERT INTO `product_variants` (`id`, `product_id`, `size`, `color`, `stock`, `sku`) VALUES (51, 13, 'L', 'Black', 61, 'SLY-POLO-13-L');
INSERT INTO `product_variants` (`id`, `product_id`, `size`, `color`, `stock`, `sku`) VALUES (52, 13, 'XL', 'Black', 74, 'SLY-POLO-13-XL');
INSERT INTO `product_variants` (`id`, `product_id`, `size`, `color`, `stock`, `sku`) VALUES (53, 14, 'S', 'Black', 79, 'SLY-POLO-14-S');
INSERT INTO `product_variants` (`id`, `product_id`, `size`, `color`, `stock`, `sku`) VALUES (54, 14, 'M', 'Black', 56, 'SLY-POLO-14-M');
INSERT INTO `product_variants` (`id`, `product_id`, `size`, `color`, `stock`, `sku`) VALUES (55, 14, 'L', 'Black', 35, 'SLY-POLO-14-L');
INSERT INTO `product_variants` (`id`, `product_id`, `size`, `color`, `stock`, `sku`) VALUES (56, 14, 'XL', 'Black', 102, 'SLY-POLO-14-XL');
INSERT INTO `product_variants` (`id`, `product_id`, `size`, `color`, `stock`, `sku`) VALUES (57, 15, 'S', 'Black', 52, 'SLY-POLO-15-S');
INSERT INTO `product_variants` (`id`, `product_id`, `size`, `color`, `stock`, `sku`) VALUES (58, 15, 'M', 'Black', 115, 'SLY-POLO-15-M');
INSERT INTO `product_variants` (`id`, `product_id`, `size`, `color`, `stock`, `sku`) VALUES (59, 15, 'L', 'Black', 52, 'SLY-POLO-15-L');
INSERT INTO `product_variants` (`id`, `product_id`, `size`, `color`, `stock`, `sku`) VALUES (60, 15, 'XL', 'Black', 112, 'SLY-POLO-15-XL');
INSERT INTO `product_variants` (`id`, `product_id`, `size`, `color`, `stock`, `sku`) VALUES (61, 16, 'S', 'Black', 83, 'SLY-POLO-16-S');
INSERT INTO `product_variants` (`id`, `product_id`, `size`, `color`, `stock`, `sku`) VALUES (62, 16, 'M', 'Black', 93, 'SLY-POLO-16-M');
INSERT INTO `product_variants` (`id`, `product_id`, `size`, `color`, `stock`, `sku`) VALUES (63, 16, 'L', 'Black', 83, 'SLY-POLO-16-L');
INSERT INTO `product_variants` (`id`, `product_id`, `size`, `color`, `stock`, `sku`) VALUES (64, 16, 'XL', 'Black', 125, 'SLY-POLO-16-XL');
INSERT INTO `product_variants` (`id`, `product_id`, `size`, `color`, `stock`, `sku`) VALUES (65, 17, 'S', 'Black', 74, 'SLY-POLO-17-S');
INSERT INTO `product_variants` (`id`, `product_id`, `size`, `color`, `stock`, `sku`) VALUES (66, 17, 'M', 'Black', 74, 'SLY-POLO-17-M');
INSERT INTO `product_variants` (`id`, `product_id`, `size`, `color`, `stock`, `sku`) VALUES (67, 17, 'L', 'Black', 36, 'SLY-POLO-17-L');
INSERT INTO `product_variants` (`id`, `product_id`, `size`, `color`, `stock`, `sku`) VALUES (68, 17, 'XL', 'Black', 82, 'SLY-POLO-17-XL');
INSERT INTO `product_variants` (`id`, `product_id`, `size`, `color`, `stock`, `sku`) VALUES (69, 18, 'S', 'Black', 147, 'SLY-POLO-18-S');
INSERT INTO `product_variants` (`id`, `product_id`, `size`, `color`, `stock`, `sku`) VALUES (70, 18, 'M', 'Black', 68, 'SLY-POLO-18-M');
INSERT INTO `product_variants` (`id`, `product_id`, `size`, `color`, `stock`, `sku`) VALUES (71, 18, 'L', 'Black', 79, 'SLY-POLO-18-L');
INSERT INTO `product_variants` (`id`, `product_id`, `size`, `color`, `stock`, `sku`) VALUES (72, 18, 'XL', 'Black', 89, 'SLY-POLO-18-XL');
INSERT INTO `product_variants` (`id`, `product_id`, `size`, `color`, `stock`, `sku`) VALUES (73, 19, 'S', 'Black', 94, 'SLY-POLO-19-S');
INSERT INTO `product_variants` (`id`, `product_id`, `size`, `color`, `stock`, `sku`) VALUES (74, 19, 'M', 'Black', 69, 'SLY-POLO-19-M');
INSERT INTO `product_variants` (`id`, `product_id`, `size`, `color`, `stock`, `sku`) VALUES (75, 19, 'L', 'Black', 69, 'SLY-POLO-19-L');
INSERT INTO `product_variants` (`id`, `product_id`, `size`, `color`, `stock`, `sku`) VALUES (76, 19, 'XL', 'Black', 149, 'SLY-POLO-19-XL');
INSERT INTO `product_variants` (`id`, `product_id`, `size`, `color`, `stock`, `sku`) VALUES (77, 20, 'S', 'Black', 113, 'SLY-POLO-20-S');
INSERT INTO `product_variants` (`id`, `product_id`, `size`, `color`, `stock`, `sku`) VALUES (78, 20, 'M', 'Black', 120, 'SLY-POLO-20-M');
INSERT INTO `product_variants` (`id`, `product_id`, `size`, `color`, `stock`, `sku`) VALUES (79, 20, 'L', 'Black', 53, 'SLY-POLO-20-L');
INSERT INTO `product_variants` (`id`, `product_id`, `size`, `color`, `stock`, `sku`) VALUES (80, 20, 'XL', 'Black', 138, 'SLY-POLO-20-XL');
INSERT INTO `product_variants` (`id`, `product_id`, `size`, `color`, `stock`, `sku`) VALUES (81, 21, 'S', 'Black', 90, 'SLY-SHIRT-21-S');
INSERT INTO `product_variants` (`id`, `product_id`, `size`, `color`, `stock`, `sku`) VALUES (82, 21, 'M', 'Black', 127, 'SLY-SHIRT-21-M');
INSERT INTO `product_variants` (`id`, `product_id`, `size`, `color`, `stock`, `sku`) VALUES (83, 21, 'L', 'Black', 124, 'SLY-SHIRT-21-L');
INSERT INTO `product_variants` (`id`, `product_id`, `size`, `color`, `stock`, `sku`) VALUES (84, 21, 'XL', 'Black', 132, 'SLY-SHIRT-21-XL');
INSERT INTO `product_variants` (`id`, `product_id`, `size`, `color`, `stock`, `sku`) VALUES (85, 22, 'S', 'Black', 107, 'SLY-SHIRT-22-S');
INSERT INTO `product_variants` (`id`, `product_id`, `size`, `color`, `stock`, `sku`) VALUES (86, 22, 'M', 'Black', 141, 'SLY-SHIRT-22-M');
INSERT INTO `product_variants` (`id`, `product_id`, `size`, `color`, `stock`, `sku`) VALUES (87, 22, 'L', 'Black', 142, 'SLY-SHIRT-22-L');
INSERT INTO `product_variants` (`id`, `product_id`, `size`, `color`, `stock`, `sku`) VALUES (88, 22, 'XL', 'Black', 126, 'SLY-SHIRT-22-XL');
INSERT INTO `product_variants` (`id`, `product_id`, `size`, `color`, `stock`, `sku`) VALUES (89, 23, 'S', 'Black', 150, 'SLY-SHIRT-23-S');
INSERT INTO `product_variants` (`id`, `product_id`, `size`, `color`, `stock`, `sku`) VALUES (90, 23, 'M', 'Black', 69, 'SLY-SHIRT-23-M');
INSERT INTO `product_variants` (`id`, `product_id`, `size`, `color`, `stock`, `sku`) VALUES (91, 23, 'L', 'Black', 129, 'SLY-SHIRT-23-L');
INSERT INTO `product_variants` (`id`, `product_id`, `size`, `color`, `stock`, `sku`) VALUES (92, 23, 'XL', 'Black', 136, 'SLY-SHIRT-23-XL');
INSERT INTO `product_variants` (`id`, `product_id`, `size`, `color`, `stock`, `sku`) VALUES (93, 24, 'S', 'Black', 126, 'SLY-SHIRT-24-S');
INSERT INTO `product_variants` (`id`, `product_id`, `size`, `color`, `stock`, `sku`) VALUES (94, 24, 'M', 'Black', 112, 'SLY-SHIRT-24-M');
INSERT INTO `product_variants` (`id`, `product_id`, `size`, `color`, `stock`, `sku`) VALUES (95, 24, 'L', 'Black', 130, 'SLY-SHIRT-24-L');
INSERT INTO `product_variants` (`id`, `product_id`, `size`, `color`, `stock`, `sku`) VALUES (96, 24, 'XL', 'Black', 59, 'SLY-SHIRT-24-XL');
INSERT INTO `product_variants` (`id`, `product_id`, `size`, `color`, `stock`, `sku`) VALUES (97, 25, 'S', 'Black', 102, 'SLY-SHIRT-25-S');
INSERT INTO `product_variants` (`id`, `product_id`, `size`, `color`, `stock`, `sku`) VALUES (98, 25, 'M', 'Black', 105, 'SLY-SHIRT-25-M');
INSERT INTO `product_variants` (`id`, `product_id`, `size`, `color`, `stock`, `sku`) VALUES (99, 25, 'L', 'Black', 55, 'SLY-SHIRT-25-L');
INSERT INTO `product_variants` (`id`, `product_id`, `size`, `color`, `stock`, `sku`) VALUES (100, 25, 'XL', 'Black', 49, 'SLY-SHIRT-25-XL');
INSERT INTO `product_variants` (`id`, `product_id`, `size`, `color`, `stock`, `sku`) VALUES (101, 26, 'S', 'Black', 102, 'SLY-SHIRT-26-S');
INSERT INTO `product_variants` (`id`, `product_id`, `size`, `color`, `stock`, `sku`) VALUES (102, 26, 'M', 'Black', 144, 'SLY-SHIRT-26-M');
INSERT INTO `product_variants` (`id`, `product_id`, `size`, `color`, `stock`, `sku`) VALUES (103, 26, 'L', 'Black', 56, 'SLY-SHIRT-26-L');
INSERT INTO `product_variants` (`id`, `product_id`, `size`, `color`, `stock`, `sku`) VALUES (104, 26, 'XL', 'Black', 63, 'SLY-SHIRT-26-XL');
INSERT INTO `product_variants` (`id`, `product_id`, `size`, `color`, `stock`, `sku`) VALUES (105, 27, 'S', 'Black', 116, 'SLY-SHIRT-27-S');
INSERT INTO `product_variants` (`id`, `product_id`, `size`, `color`, `stock`, `sku`) VALUES (106, 27, 'M', 'Black', 148, 'SLY-SHIRT-27-M');
INSERT INTO `product_variants` (`id`, `product_id`, `size`, `color`, `stock`, `sku`) VALUES (107, 27, 'L', 'Black', 35, 'SLY-SHIRT-27-L');
INSERT INTO `product_variants` (`id`, `product_id`, `size`, `color`, `stock`, `sku`) VALUES (108, 27, 'XL', 'Black', 72, 'SLY-SHIRT-27-XL');
INSERT INTO `product_variants` (`id`, `product_id`, `size`, `color`, `stock`, `sku`) VALUES (109, 28, 'S', 'Black', 33, 'SLY-SHIRT-28-S');
INSERT INTO `product_variants` (`id`, `product_id`, `size`, `color`, `stock`, `sku`) VALUES (110, 28, 'M', 'Black', 149, 'SLY-SHIRT-28-M');
INSERT INTO `product_variants` (`id`, `product_id`, `size`, `color`, `stock`, `sku`) VALUES (111, 28, 'L', 'Black', 43, 'SLY-SHIRT-28-L');
INSERT INTO `product_variants` (`id`, `product_id`, `size`, `color`, `stock`, `sku`) VALUES (112, 28, 'XL', 'Black', 91, 'SLY-SHIRT-28-XL');
INSERT INTO `product_variants` (`id`, `product_id`, `size`, `color`, `stock`, `sku`) VALUES (113, 29, 'S', 'Black', 116, 'SLY-SHIRT-29-S');
INSERT INTO `product_variants` (`id`, `product_id`, `size`, `color`, `stock`, `sku`) VALUES (114, 29, 'M', 'Black', 136, 'SLY-SHIRT-29-M');
INSERT INTO `product_variants` (`id`, `product_id`, `size`, `color`, `stock`, `sku`) VALUES (115, 29, 'L', 'Black', 86, 'SLY-SHIRT-29-L');
INSERT INTO `product_variants` (`id`, `product_id`, `size`, `color`, `stock`, `sku`) VALUES (116, 29, 'XL', 'Black', 110, 'SLY-SHIRT-29-XL');
INSERT INTO `product_variants` (`id`, `product_id`, `size`, `color`, `stock`, `sku`) VALUES (117, 30, 'S', 'Black', 128, 'SLY-SHIRT-30-S');
INSERT INTO `product_variants` (`id`, `product_id`, `size`, `color`, `stock`, `sku`) VALUES (118, 30, 'M', 'Black', 39, 'SLY-SHIRT-30-M');
INSERT INTO `product_variants` (`id`, `product_id`, `size`, `color`, `stock`, `sku`) VALUES (119, 30, 'L', 'Black', 127, 'SLY-SHIRT-30-L');
INSERT INTO `product_variants` (`id`, `product_id`, `size`, `color`, `stock`, `sku`) VALUES (120, 30, 'XL', 'Black', 121, 'SLY-SHIRT-30-XL');
INSERT INTO `product_variants` (`id`, `product_id`, `size`, `color`, `stock`, `sku`) VALUES (121, 31, 'S', 'Black', 58, 'SLY-HOODIE-31-S');
INSERT INTO `product_variants` (`id`, `product_id`, `size`, `color`, `stock`, `sku`) VALUES (122, 31, 'M', 'Black', 126, 'SLY-HOODIE-31-M');
INSERT INTO `product_variants` (`id`, `product_id`, `size`, `color`, `stock`, `sku`) VALUES (123, 31, 'L', 'Black', 48, 'SLY-HOODIE-31-L');
INSERT INTO `product_variants` (`id`, `product_id`, `size`, `color`, `stock`, `sku`) VALUES (124, 31, 'XL', 'Black', 117, 'SLY-HOODIE-31-XL');
INSERT INTO `product_variants` (`id`, `product_id`, `size`, `color`, `stock`, `sku`) VALUES (125, 32, 'S', 'Black', 68, 'SLY-HOODIE-32-S');
INSERT INTO `product_variants` (`id`, `product_id`, `size`, `color`, `stock`, `sku`) VALUES (126, 32, 'M', 'Black', 137, 'SLY-HOODIE-32-M');
INSERT INTO `product_variants` (`id`, `product_id`, `size`, `color`, `stock`, `sku`) VALUES (127, 32, 'L', 'Black', 124, 'SLY-HOODIE-32-L');
INSERT INTO `product_variants` (`id`, `product_id`, `size`, `color`, `stock`, `sku`) VALUES (128, 32, 'XL', 'Black', 83, 'SLY-HOODIE-32-XL');
INSERT INTO `product_variants` (`id`, `product_id`, `size`, `color`, `stock`, `sku`) VALUES (129, 33, 'S', 'Black', 58, 'SLY-HOODIE-33-S');
INSERT INTO `product_variants` (`id`, `product_id`, `size`, `color`, `stock`, `sku`) VALUES (130, 33, 'M', 'Black', 40, 'SLY-HOODIE-33-M');
INSERT INTO `product_variants` (`id`, `product_id`, `size`, `color`, `stock`, `sku`) VALUES (131, 33, 'L', 'Black', 82, 'SLY-HOODIE-33-L');
INSERT INTO `product_variants` (`id`, `product_id`, `size`, `color`, `stock`, `sku`) VALUES (132, 33, 'XL', 'Black', 109, 'SLY-HOODIE-33-XL');
INSERT INTO `product_variants` (`id`, `product_id`, `size`, `color`, `stock`, `sku`) VALUES (133, 34, 'S', 'Black', 85, 'SLY-HOODIE-34-S');
INSERT INTO `product_variants` (`id`, `product_id`, `size`, `color`, `stock`, `sku`) VALUES (134, 34, 'M', 'Black', 97, 'SLY-HOODIE-34-M');
INSERT INTO `product_variants` (`id`, `product_id`, `size`, `color`, `stock`, `sku`) VALUES (135, 34, 'L', 'Black', 94, 'SLY-HOODIE-34-L');
INSERT INTO `product_variants` (`id`, `product_id`, `size`, `color`, `stock`, `sku`) VALUES (136, 34, 'XL', 'Black', 81, 'SLY-HOODIE-34-XL');
INSERT INTO `product_variants` (`id`, `product_id`, `size`, `color`, `stock`, `sku`) VALUES (137, 35, 'S', 'Black', 60, 'SLY-HOODIE-35-S');
INSERT INTO `product_variants` (`id`, `product_id`, `size`, `color`, `stock`, `sku`) VALUES (138, 35, 'M', 'Black', 87, 'SLY-HOODIE-35-M');
INSERT INTO `product_variants` (`id`, `product_id`, `size`, `color`, `stock`, `sku`) VALUES (139, 35, 'L', 'Black', 112, 'SLY-HOODIE-35-L');
INSERT INTO `product_variants` (`id`, `product_id`, `size`, `color`, `stock`, `sku`) VALUES (140, 35, 'XL', 'Black', 123, 'SLY-HOODIE-35-XL');
INSERT INTO `product_variants` (`id`, `product_id`, `size`, `color`, `stock`, `sku`) VALUES (141, 36, 'S', 'Black', 130, 'SLY-HOODIE-36-S');
INSERT INTO `product_variants` (`id`, `product_id`, `size`, `color`, `stock`, `sku`) VALUES (142, 36, 'M', 'Black', 123, 'SLY-HOODIE-36-M');
INSERT INTO `product_variants` (`id`, `product_id`, `size`, `color`, `stock`, `sku`) VALUES (143, 36, 'L', 'Black', 50, 'SLY-HOODIE-36-L');
INSERT INTO `product_variants` (`id`, `product_id`, `size`, `color`, `stock`, `sku`) VALUES (144, 36, 'XL', 'Black', 149, 'SLY-HOODIE-36-XL');
INSERT INTO `product_variants` (`id`, `product_id`, `size`, `color`, `stock`, `sku`) VALUES (145, 37, 'S', 'Black', 105, 'SLY-HOODIE-37-S');
INSERT INTO `product_variants` (`id`, `product_id`, `size`, `color`, `stock`, `sku`) VALUES (146, 37, 'M', 'Black', 117, 'SLY-HOODIE-37-M');
INSERT INTO `product_variants` (`id`, `product_id`, `size`, `color`, `stock`, `sku`) VALUES (147, 37, 'L', 'Black', 126, 'SLY-HOODIE-37-L');
INSERT INTO `product_variants` (`id`, `product_id`, `size`, `color`, `stock`, `sku`) VALUES (148, 37, 'XL', 'Black', 150, 'SLY-HOODIE-37-XL');
INSERT INTO `product_variants` (`id`, `product_id`, `size`, `color`, `stock`, `sku`) VALUES (149, 38, 'S', 'Black', 104, 'SLY-HOODIE-38-S');
INSERT INTO `product_variants` (`id`, `product_id`, `size`, `color`, `stock`, `sku`) VALUES (150, 38, 'M', 'Black', 60, 'SLY-HOODIE-38-M');
INSERT INTO `product_variants` (`id`, `product_id`, `size`, `color`, `stock`, `sku`) VALUES (151, 38, 'L', 'Black', 37, 'SLY-HOODIE-38-L');
INSERT INTO `product_variants` (`id`, `product_id`, `size`, `color`, `stock`, `sku`) VALUES (152, 38, 'XL', 'Black', 67, 'SLY-HOODIE-38-XL');
INSERT INTO `product_variants` (`id`, `product_id`, `size`, `color`, `stock`, `sku`) VALUES (153, 39, 'S', 'Black', 39, 'SLY-HOODIE-39-S');
INSERT INTO `product_variants` (`id`, `product_id`, `size`, `color`, `stock`, `sku`) VALUES (154, 39, 'M', 'Black', 111, 'SLY-HOODIE-39-M');
INSERT INTO `product_variants` (`id`, `product_id`, `size`, `color`, `stock`, `sku`) VALUES (155, 39, 'L', 'Black', 112, 'SLY-HOODIE-39-L');
INSERT INTO `product_variants` (`id`, `product_id`, `size`, `color`, `stock`, `sku`) VALUES (156, 39, 'XL', 'Black', 45, 'SLY-HOODIE-39-XL');
INSERT INTO `product_variants` (`id`, `product_id`, `size`, `color`, `stock`, `sku`) VALUES (157, 40, 'S', 'Black', 87, 'SLY-HOODIE-40-S');
INSERT INTO `product_variants` (`id`, `product_id`, `size`, `color`, `stock`, `sku`) VALUES (158, 40, 'M', 'Black', 103, 'SLY-HOODIE-40-M');
INSERT INTO `product_variants` (`id`, `product_id`, `size`, `color`, `stock`, `sku`) VALUES (159, 40, 'L', 'Black', 34, 'SLY-HOODIE-40-L');
INSERT INTO `product_variants` (`id`, `product_id`, `size`, `color`, `stock`, `sku`) VALUES (160, 40, 'XL', 'Black', 123, 'SLY-HOODIE-40-XL');
INSERT INTO `product_variants` (`id`, `product_id`, `size`, `color`, `stock`, `sku`) VALUES (161, 41, 'S', 'Black', 102, 'SLY-JACKET-41-S');
INSERT INTO `product_variants` (`id`, `product_id`, `size`, `color`, `stock`, `sku`) VALUES (162, 41, 'M', 'Black', 142, 'SLY-JACKET-41-M');
INSERT INTO `product_variants` (`id`, `product_id`, `size`, `color`, `stock`, `sku`) VALUES (163, 41, 'L', 'Black', 72, 'SLY-JACKET-41-L');
INSERT INTO `product_variants` (`id`, `product_id`, `size`, `color`, `stock`, `sku`) VALUES (164, 41, 'XL', 'Black', 42, 'SLY-JACKET-41-XL');
INSERT INTO `product_variants` (`id`, `product_id`, `size`, `color`, `stock`, `sku`) VALUES (165, 42, 'S', 'Black', 66, 'SLY-JACKET-42-S');
INSERT INTO `product_variants` (`id`, `product_id`, `size`, `color`, `stock`, `sku`) VALUES (166, 42, 'M', 'Black', 117, 'SLY-JACKET-42-M');
INSERT INTO `product_variants` (`id`, `product_id`, `size`, `color`, `stock`, `sku`) VALUES (167, 42, 'L', 'Black', 75, 'SLY-JACKET-42-L');
INSERT INTO `product_variants` (`id`, `product_id`, `size`, `color`, `stock`, `sku`) VALUES (168, 42, 'XL', 'Black', 143, 'SLY-JACKET-42-XL');
INSERT INTO `product_variants` (`id`, `product_id`, `size`, `color`, `stock`, `sku`) VALUES (169, 43, 'S', 'Black', 44, 'SLY-JACKET-43-S');
INSERT INTO `product_variants` (`id`, `product_id`, `size`, `color`, `stock`, `sku`) VALUES (170, 43, 'M', 'Black', 64, 'SLY-JACKET-43-M');
INSERT INTO `product_variants` (`id`, `product_id`, `size`, `color`, `stock`, `sku`) VALUES (171, 43, 'L', 'Black', 146, 'SLY-JACKET-43-L');
INSERT INTO `product_variants` (`id`, `product_id`, `size`, `color`, `stock`, `sku`) VALUES (172, 43, 'XL', 'Black', 149, 'SLY-JACKET-43-XL');
INSERT INTO `product_variants` (`id`, `product_id`, `size`, `color`, `stock`, `sku`) VALUES (173, 44, 'S', 'Black', 97, 'SLY-JACKET-44-S');
INSERT INTO `product_variants` (`id`, `product_id`, `size`, `color`, `stock`, `sku`) VALUES (174, 44, 'M', 'Black', 118, 'SLY-JACKET-44-M');
INSERT INTO `product_variants` (`id`, `product_id`, `size`, `color`, `stock`, `sku`) VALUES (175, 44, 'L', 'Black', 74, 'SLY-JACKET-44-L');
INSERT INTO `product_variants` (`id`, `product_id`, `size`, `color`, `stock`, `sku`) VALUES (176, 44, 'XL', 'Black', 111, 'SLY-JACKET-44-XL');
INSERT INTO `product_variants` (`id`, `product_id`, `size`, `color`, `stock`, `sku`) VALUES (177, 45, 'S', 'Black', 111, 'SLY-JACKET-45-S');
INSERT INTO `product_variants` (`id`, `product_id`, `size`, `color`, `stock`, `sku`) VALUES (178, 45, 'M', 'Black', 46, 'SLY-JACKET-45-M');
INSERT INTO `product_variants` (`id`, `product_id`, `size`, `color`, `stock`, `sku`) VALUES (179, 45, 'L', 'Black', 57, 'SLY-JACKET-45-L');
INSERT INTO `product_variants` (`id`, `product_id`, `size`, `color`, `stock`, `sku`) VALUES (180, 45, 'XL', 'Black', 96, 'SLY-JACKET-45-XL');
INSERT INTO `product_variants` (`id`, `product_id`, `size`, `color`, `stock`, `sku`) VALUES (181, 46, 'S', 'Black', 70, 'SLY-JACKET-46-S');
INSERT INTO `product_variants` (`id`, `product_id`, `size`, `color`, `stock`, `sku`) VALUES (182, 46, 'M', 'Black', 42, 'SLY-JACKET-46-M');
INSERT INTO `product_variants` (`id`, `product_id`, `size`, `color`, `stock`, `sku`) VALUES (183, 46, 'L', 'Black', 109, 'SLY-JACKET-46-L');
INSERT INTO `product_variants` (`id`, `product_id`, `size`, `color`, `stock`, `sku`) VALUES (184, 46, 'XL', 'Black', 46, 'SLY-JACKET-46-XL');
INSERT INTO `product_variants` (`id`, `product_id`, `size`, `color`, `stock`, `sku`) VALUES (185, 47, 'S', 'Black', 74, 'SLY-JACKET-47-S');
INSERT INTO `product_variants` (`id`, `product_id`, `size`, `color`, `stock`, `sku`) VALUES (186, 47, 'M', 'Black', 36, 'SLY-JACKET-47-M');
INSERT INTO `product_variants` (`id`, `product_id`, `size`, `color`, `stock`, `sku`) VALUES (187, 47, 'L', 'Black', 80, 'SLY-JACKET-47-L');
INSERT INTO `product_variants` (`id`, `product_id`, `size`, `color`, `stock`, `sku`) VALUES (188, 47, 'XL', 'Black', 86, 'SLY-JACKET-47-XL');
INSERT INTO `product_variants` (`id`, `product_id`, `size`, `color`, `stock`, `sku`) VALUES (189, 48, 'S', 'Black', 72, 'SLY-JACKET-48-S');
INSERT INTO `product_variants` (`id`, `product_id`, `size`, `color`, `stock`, `sku`) VALUES (190, 48, 'M', 'Black', 127, 'SLY-JACKET-48-M');
INSERT INTO `product_variants` (`id`, `product_id`, `size`, `color`, `stock`, `sku`) VALUES (191, 48, 'L', 'Black', 111, 'SLY-JACKET-48-L');
INSERT INTO `product_variants` (`id`, `product_id`, `size`, `color`, `stock`, `sku`) VALUES (192, 48, 'XL', 'Black', 41, 'SLY-JACKET-48-XL');
INSERT INTO `product_variants` (`id`, `product_id`, `size`, `color`, `stock`, `sku`) VALUES (193, 49, 'S', 'Black', 149, 'SLY-JACKET-49-S');
INSERT INTO `product_variants` (`id`, `product_id`, `size`, `color`, `stock`, `sku`) VALUES (194, 49, 'M', 'Black', 141, 'SLY-JACKET-49-M');
INSERT INTO `product_variants` (`id`, `product_id`, `size`, `color`, `stock`, `sku`) VALUES (195, 49, 'L', 'Black', 130, 'SLY-JACKET-49-L');
INSERT INTO `product_variants` (`id`, `product_id`, `size`, `color`, `stock`, `sku`) VALUES (196, 49, 'XL', 'Black', 44, 'SLY-JACKET-49-XL');
INSERT INTO `product_variants` (`id`, `product_id`, `size`, `color`, `stock`, `sku`) VALUES (197, 50, 'S', 'Black', 139, 'SLY-JACKET-50-S');
INSERT INTO `product_variants` (`id`, `product_id`, `size`, `color`, `stock`, `sku`) VALUES (198, 50, 'M', 'Black', 78, 'SLY-JACKET-50-M');
INSERT INTO `product_variants` (`id`, `product_id`, `size`, `color`, `stock`, `sku`) VALUES (199, 50, 'L', 'Black', 50, 'SLY-JACKET-50-L');
INSERT INTO `product_variants` (`id`, `product_id`, `size`, `color`, `stock`, `sku`) VALUES (200, 50, 'XL', 'Black', 51, 'SLY-JACKET-50-XL');
INSERT INTO `product_variants` (`id`, `product_id`, `size`, `color`, `stock`, `sku`) VALUES (201, 51, 'S', 'Black', 33, 'SLY-SWEATER-51-S');
INSERT INTO `product_variants` (`id`, `product_id`, `size`, `color`, `stock`, `sku`) VALUES (202, 51, 'M', 'Black', 107, 'SLY-SWEATER-51-M');
INSERT INTO `product_variants` (`id`, `product_id`, `size`, `color`, `stock`, `sku`) VALUES (203, 51, 'L', 'Black', 93, 'SLY-SWEATER-51-L');
INSERT INTO `product_variants` (`id`, `product_id`, `size`, `color`, `stock`, `sku`) VALUES (204, 51, 'XL', 'Black', 30, 'SLY-SWEATER-51-XL');
INSERT INTO `product_variants` (`id`, `product_id`, `size`, `color`, `stock`, `sku`) VALUES (205, 52, 'S', 'Black', 148, 'SLY-SWEATER-52-S');
INSERT INTO `product_variants` (`id`, `product_id`, `size`, `color`, `stock`, `sku`) VALUES (206, 52, 'M', 'Black', 125, 'SLY-SWEATER-52-M');
INSERT INTO `product_variants` (`id`, `product_id`, `size`, `color`, `stock`, `sku`) VALUES (207, 52, 'L', 'Black', 36, 'SLY-SWEATER-52-L');
INSERT INTO `product_variants` (`id`, `product_id`, `size`, `color`, `stock`, `sku`) VALUES (208, 52, 'XL', 'Black', 141, 'SLY-SWEATER-52-XL');
INSERT INTO `product_variants` (`id`, `product_id`, `size`, `color`, `stock`, `sku`) VALUES (209, 53, 'S', 'Black', 105, 'SLY-SWEATER-53-S');
INSERT INTO `product_variants` (`id`, `product_id`, `size`, `color`, `stock`, `sku`) VALUES (210, 53, 'M', 'Black', 87, 'SLY-SWEATER-53-M');
INSERT INTO `product_variants` (`id`, `product_id`, `size`, `color`, `stock`, `sku`) VALUES (211, 53, 'L', 'Black', 122, 'SLY-SWEATER-53-L');
INSERT INTO `product_variants` (`id`, `product_id`, `size`, `color`, `stock`, `sku`) VALUES (212, 53, 'XL', 'Black', 54, 'SLY-SWEATER-53-XL');
INSERT INTO `product_variants` (`id`, `product_id`, `size`, `color`, `stock`, `sku`) VALUES (213, 54, 'S', 'Black', 72, 'SLY-SWEATER-54-S');
INSERT INTO `product_variants` (`id`, `product_id`, `size`, `color`, `stock`, `sku`) VALUES (214, 54, 'M', 'Black', 51, 'SLY-SWEATER-54-M');
INSERT INTO `product_variants` (`id`, `product_id`, `size`, `color`, `stock`, `sku`) VALUES (215, 54, 'L', 'Black', 82, 'SLY-SWEATER-54-L');
INSERT INTO `product_variants` (`id`, `product_id`, `size`, `color`, `stock`, `sku`) VALUES (216, 54, 'XL', 'Black', 89, 'SLY-SWEATER-54-XL');
INSERT INTO `product_variants` (`id`, `product_id`, `size`, `color`, `stock`, `sku`) VALUES (217, 55, 'S', 'Black', 88, 'SLY-SWEATER-55-S');
INSERT INTO `product_variants` (`id`, `product_id`, `size`, `color`, `stock`, `sku`) VALUES (218, 55, 'M', 'Black', 53, 'SLY-SWEATER-55-M');
INSERT INTO `product_variants` (`id`, `product_id`, `size`, `color`, `stock`, `sku`) VALUES (219, 55, 'L', 'Black', 109, 'SLY-SWEATER-55-L');
INSERT INTO `product_variants` (`id`, `product_id`, `size`, `color`, `stock`, `sku`) VALUES (220, 55, 'XL', 'Black', 91, 'SLY-SWEATER-55-XL');
INSERT INTO `product_variants` (`id`, `product_id`, `size`, `color`, `stock`, `sku`) VALUES (221, 56, 'S', 'Black', 145, 'SLY-SWEATER-56-S');
INSERT INTO `product_variants` (`id`, `product_id`, `size`, `color`, `stock`, `sku`) VALUES (222, 56, 'M', 'Black', 39, 'SLY-SWEATER-56-M');
INSERT INTO `product_variants` (`id`, `product_id`, `size`, `color`, `stock`, `sku`) VALUES (223, 56, 'L', 'Black', 87, 'SLY-SWEATER-56-L');
INSERT INTO `product_variants` (`id`, `product_id`, `size`, `color`, `stock`, `sku`) VALUES (224, 56, 'XL', 'Black', 102, 'SLY-SWEATER-56-XL');
INSERT INTO `product_variants` (`id`, `product_id`, `size`, `color`, `stock`, `sku`) VALUES (225, 57, 'S', 'Black', 140, 'SLY-SWEATER-57-S');
INSERT INTO `product_variants` (`id`, `product_id`, `size`, `color`, `stock`, `sku`) VALUES (226, 57, 'M', 'Black', 121, 'SLY-SWEATER-57-M');
INSERT INTO `product_variants` (`id`, `product_id`, `size`, `color`, `stock`, `sku`) VALUES (227, 57, 'L', 'Black', 92, 'SLY-SWEATER-57-L');
INSERT INTO `product_variants` (`id`, `product_id`, `size`, `color`, `stock`, `sku`) VALUES (228, 57, 'XL', 'Black', 57, 'SLY-SWEATER-57-XL');
INSERT INTO `product_variants` (`id`, `product_id`, `size`, `color`, `stock`, `sku`) VALUES (229, 58, 'S', 'Black', 71, 'SLY-SWEATER-58-S');
INSERT INTO `product_variants` (`id`, `product_id`, `size`, `color`, `stock`, `sku`) VALUES (230, 58, 'M', 'Black', 121, 'SLY-SWEATER-58-M');
INSERT INTO `product_variants` (`id`, `product_id`, `size`, `color`, `stock`, `sku`) VALUES (231, 58, 'L', 'Black', 63, 'SLY-SWEATER-58-L');
INSERT INTO `product_variants` (`id`, `product_id`, `size`, `color`, `stock`, `sku`) VALUES (232, 58, 'XL', 'Black', 106, 'SLY-SWEATER-58-XL');
INSERT INTO `product_variants` (`id`, `product_id`, `size`, `color`, `stock`, `sku`) VALUES (233, 59, 'S', 'Black', 144, 'SLY-SWEATER-59-S');
INSERT INTO `product_variants` (`id`, `product_id`, `size`, `color`, `stock`, `sku`) VALUES (234, 59, 'M', 'Black', 119, 'SLY-SWEATER-59-M');
INSERT INTO `product_variants` (`id`, `product_id`, `size`, `color`, `stock`, `sku`) VALUES (235, 59, 'L', 'Black', 70, 'SLY-SWEATER-59-L');
INSERT INTO `product_variants` (`id`, `product_id`, `size`, `color`, `stock`, `sku`) VALUES (236, 59, 'XL', 'Black', 150, 'SLY-SWEATER-59-XL');
INSERT INTO `product_variants` (`id`, `product_id`, `size`, `color`, `stock`, `sku`) VALUES (237, 60, 'S', 'Black', 125, 'SLY-SWEATER-60-S');
INSERT INTO `product_variants` (`id`, `product_id`, `size`, `color`, `stock`, `sku`) VALUES (238, 60, 'M', 'Black', 88, 'SLY-SWEATER-60-M');
INSERT INTO `product_variants` (`id`, `product_id`, `size`, `color`, `stock`, `sku`) VALUES (239, 60, 'L', 'Black', 78, 'SLY-SWEATER-60-L');
INSERT INTO `product_variants` (`id`, `product_id`, `size`, `color`, `stock`, `sku`) VALUES (240, 60, 'XL', 'Black', 49, 'SLY-SWEATER-60-XL');
INSERT INTO `product_variants` (`id`, `product_id`, `size`, `color`, `stock`, `sku`) VALUES (241, 61, 'S', 'Black', 43, 'SLY-SHORT-61-S');
INSERT INTO `product_variants` (`id`, `product_id`, `size`, `color`, `stock`, `sku`) VALUES (242, 61, 'M', 'Black', 31, 'SLY-SHORT-61-M');
INSERT INTO `product_variants` (`id`, `product_id`, `size`, `color`, `stock`, `sku`) VALUES (243, 61, 'L', 'Black', 111, 'SLY-SHORT-61-L');
INSERT INTO `product_variants` (`id`, `product_id`, `size`, `color`, `stock`, `sku`) VALUES (244, 61, 'XL', 'Black', 61, 'SLY-SHORT-61-XL');
INSERT INTO `product_variants` (`id`, `product_id`, `size`, `color`, `stock`, `sku`) VALUES (245, 62, 'S', 'Black', 69, 'SLY-SHORT-62-S');
INSERT INTO `product_variants` (`id`, `product_id`, `size`, `color`, `stock`, `sku`) VALUES (246, 62, 'M', 'Black', 109, 'SLY-SHORT-62-M');
INSERT INTO `product_variants` (`id`, `product_id`, `size`, `color`, `stock`, `sku`) VALUES (247, 62, 'L', 'Black', 78, 'SLY-SHORT-62-L');
INSERT INTO `product_variants` (`id`, `product_id`, `size`, `color`, `stock`, `sku`) VALUES (248, 62, 'XL', 'Black', 55, 'SLY-SHORT-62-XL');
INSERT INTO `product_variants` (`id`, `product_id`, `size`, `color`, `stock`, `sku`) VALUES (249, 63, 'S', 'Black', 47, 'SLY-SHORT-63-S');
INSERT INTO `product_variants` (`id`, `product_id`, `size`, `color`, `stock`, `sku`) VALUES (250, 63, 'M', 'Black', 95, 'SLY-SHORT-63-M');
INSERT INTO `product_variants` (`id`, `product_id`, `size`, `color`, `stock`, `sku`) VALUES (251, 63, 'L', 'Black', 83, 'SLY-SHORT-63-L');
INSERT INTO `product_variants` (`id`, `product_id`, `size`, `color`, `stock`, `sku`) VALUES (252, 63, 'XL', 'Black', 111, 'SLY-SHORT-63-XL');
INSERT INTO `product_variants` (`id`, `product_id`, `size`, `color`, `stock`, `sku`) VALUES (253, 64, 'S', 'Black', 38, 'SLY-SHORT-64-S');
INSERT INTO `product_variants` (`id`, `product_id`, `size`, `color`, `stock`, `sku`) VALUES (254, 64, 'M', 'Black', 140, 'SLY-SHORT-64-M');
INSERT INTO `product_variants` (`id`, `product_id`, `size`, `color`, `stock`, `sku`) VALUES (255, 64, 'L', 'Black', 126, 'SLY-SHORT-64-L');
INSERT INTO `product_variants` (`id`, `product_id`, `size`, `color`, `stock`, `sku`) VALUES (256, 64, 'XL', 'Black', 54, 'SLY-SHORT-64-XL');
INSERT INTO `product_variants` (`id`, `product_id`, `size`, `color`, `stock`, `sku`) VALUES (257, 65, 'S', 'Black', 78, 'SLY-SHORT-65-S');
INSERT INTO `product_variants` (`id`, `product_id`, `size`, `color`, `stock`, `sku`) VALUES (258, 65, 'M', 'Black', 104, 'SLY-SHORT-65-M');
INSERT INTO `product_variants` (`id`, `product_id`, `size`, `color`, `stock`, `sku`) VALUES (259, 65, 'L', 'Black', 107, 'SLY-SHORT-65-L');
INSERT INTO `product_variants` (`id`, `product_id`, `size`, `color`, `stock`, `sku`) VALUES (260, 65, 'XL', 'Black', 78, 'SLY-SHORT-65-XL');
INSERT INTO `product_variants` (`id`, `product_id`, `size`, `color`, `stock`, `sku`) VALUES (261, 66, 'S', 'Black', 95, 'SLY-SHORT-66-S');
INSERT INTO `product_variants` (`id`, `product_id`, `size`, `color`, `stock`, `sku`) VALUES (262, 66, 'M', 'Black', 94, 'SLY-SHORT-66-M');
INSERT INTO `product_variants` (`id`, `product_id`, `size`, `color`, `stock`, `sku`) VALUES (263, 66, 'L', 'Black', 94, 'SLY-SHORT-66-L');
INSERT INTO `product_variants` (`id`, `product_id`, `size`, `color`, `stock`, `sku`) VALUES (264, 66, 'XL', 'Black', 94, 'SLY-SHORT-66-XL');
INSERT INTO `product_variants` (`id`, `product_id`, `size`, `color`, `stock`, `sku`) VALUES (265, 67, 'S', 'Black', 51, 'SLY-SHORT-67-S');
INSERT INTO `product_variants` (`id`, `product_id`, `size`, `color`, `stock`, `sku`) VALUES (266, 67, 'M', 'Black', 93, 'SLY-SHORT-67-M');
INSERT INTO `product_variants` (`id`, `product_id`, `size`, `color`, `stock`, `sku`) VALUES (267, 67, 'L', 'Black', 43, 'SLY-SHORT-67-L');
INSERT INTO `product_variants` (`id`, `product_id`, `size`, `color`, `stock`, `sku`) VALUES (268, 67, 'XL', 'Black', 30, 'SLY-SHORT-67-XL');
INSERT INTO `product_variants` (`id`, `product_id`, `size`, `color`, `stock`, `sku`) VALUES (269, 68, 'S', 'Black', 121, 'SLY-SHORT-68-S');
INSERT INTO `product_variants` (`id`, `product_id`, `size`, `color`, `stock`, `sku`) VALUES (270, 68, 'M', 'Black', 111, 'SLY-SHORT-68-M');
INSERT INTO `product_variants` (`id`, `product_id`, `size`, `color`, `stock`, `sku`) VALUES (271, 68, 'L', 'Black', 75, 'SLY-SHORT-68-L');
INSERT INTO `product_variants` (`id`, `product_id`, `size`, `color`, `stock`, `sku`) VALUES (272, 68, 'XL', 'Black', 51, 'SLY-SHORT-68-XL');
INSERT INTO `product_variants` (`id`, `product_id`, `size`, `color`, `stock`, `sku`) VALUES (273, 69, 'S', 'Black', 124, 'SLY-SHORT-69-S');
INSERT INTO `product_variants` (`id`, `product_id`, `size`, `color`, `stock`, `sku`) VALUES (274, 69, 'M', 'Black', 88, 'SLY-SHORT-69-M');
INSERT INTO `product_variants` (`id`, `product_id`, `size`, `color`, `stock`, `sku`) VALUES (275, 69, 'L', 'Black', 45, 'SLY-SHORT-69-L');
INSERT INTO `product_variants` (`id`, `product_id`, `size`, `color`, `stock`, `sku`) VALUES (276, 69, 'XL', 'Black', 150, 'SLY-SHORT-69-XL');
INSERT INTO `product_variants` (`id`, `product_id`, `size`, `color`, `stock`, `sku`) VALUES (277, 70, 'S', 'Black', 95, 'SLY-SHORT-70-S');
INSERT INTO `product_variants` (`id`, `product_id`, `size`, `color`, `stock`, `sku`) VALUES (278, 70, 'M', 'Black', 96, 'SLY-SHORT-70-M');
INSERT INTO `product_variants` (`id`, `product_id`, `size`, `color`, `stock`, `sku`) VALUES (279, 70, 'L', 'Black', 143, 'SLY-SHORT-70-L');
INSERT INTO `product_variants` (`id`, `product_id`, `size`, `color`, `stock`, `sku`) VALUES (280, 70, 'XL', 'Black', 124, 'SLY-SHORT-70-XL');
INSERT INTO `product_variants` (`id`, `product_id`, `size`, `color`, `stock`, `sku`) VALUES (281, 71, 'S', 'Black', 110, 'SLY-PANT-71-S');
INSERT INTO `product_variants` (`id`, `product_id`, `size`, `color`, `stock`, `sku`) VALUES (282, 71, 'M', 'Black', 97, 'SLY-PANT-71-M');
INSERT INTO `product_variants` (`id`, `product_id`, `size`, `color`, `stock`, `sku`) VALUES (283, 71, 'L', 'Black', 140, 'SLY-PANT-71-L');
INSERT INTO `product_variants` (`id`, `product_id`, `size`, `color`, `stock`, `sku`) VALUES (284, 71, 'XL', 'Black', 136, 'SLY-PANT-71-XL');
INSERT INTO `product_variants` (`id`, `product_id`, `size`, `color`, `stock`, `sku`) VALUES (285, 72, 'S', 'Black', 86, 'SLY-PANT-72-S');
INSERT INTO `product_variants` (`id`, `product_id`, `size`, `color`, `stock`, `sku`) VALUES (286, 72, 'M', 'Black', 37, 'SLY-PANT-72-M');
INSERT INTO `product_variants` (`id`, `product_id`, `size`, `color`, `stock`, `sku`) VALUES (287, 72, 'L', 'Black', 145, 'SLY-PANT-72-L');
INSERT INTO `product_variants` (`id`, `product_id`, `size`, `color`, `stock`, `sku`) VALUES (288, 72, 'XL', 'Black', 146, 'SLY-PANT-72-XL');
INSERT INTO `product_variants` (`id`, `product_id`, `size`, `color`, `stock`, `sku`) VALUES (289, 73, 'S', 'Black', 69, 'SLY-PANT-73-S');
INSERT INTO `product_variants` (`id`, `product_id`, `size`, `color`, `stock`, `sku`) VALUES (290, 73, 'M', 'Black', 50, 'SLY-PANT-73-M');
INSERT INTO `product_variants` (`id`, `product_id`, `size`, `color`, `stock`, `sku`) VALUES (291, 73, 'L', 'Black', 97, 'SLY-PANT-73-L');
INSERT INTO `product_variants` (`id`, `product_id`, `size`, `color`, `stock`, `sku`) VALUES (292, 73, 'XL', 'Black', 117, 'SLY-PANT-73-XL');
INSERT INTO `product_variants` (`id`, `product_id`, `size`, `color`, `stock`, `sku`) VALUES (293, 74, 'S', 'Black', 98, 'SLY-PANT-74-S');
INSERT INTO `product_variants` (`id`, `product_id`, `size`, `color`, `stock`, `sku`) VALUES (294, 74, 'M', 'Black', 87, 'SLY-PANT-74-M');
INSERT INTO `product_variants` (`id`, `product_id`, `size`, `color`, `stock`, `sku`) VALUES (295, 74, 'L', 'Black', 117, 'SLY-PANT-74-L');
INSERT INTO `product_variants` (`id`, `product_id`, `size`, `color`, `stock`, `sku`) VALUES (296, 74, 'XL', 'Black', 131, 'SLY-PANT-74-XL');
INSERT INTO `product_variants` (`id`, `product_id`, `size`, `color`, `stock`, `sku`) VALUES (297, 75, 'S', 'Black', 143, 'SLY-PANT-75-S');
INSERT INTO `product_variants` (`id`, `product_id`, `size`, `color`, `stock`, `sku`) VALUES (298, 75, 'M', 'Black', 101, 'SLY-PANT-75-M');
INSERT INTO `product_variants` (`id`, `product_id`, `size`, `color`, `stock`, `sku`) VALUES (299, 75, 'L', 'Black', 88, 'SLY-PANT-75-L');
INSERT INTO `product_variants` (`id`, `product_id`, `size`, `color`, `stock`, `sku`) VALUES (300, 75, 'XL', 'Black', 103, 'SLY-PANT-75-XL');
INSERT INTO `product_variants` (`id`, `product_id`, `size`, `color`, `stock`, `sku`) VALUES (301, 76, 'S', 'Black', 112, 'SLY-PANT-76-S');
INSERT INTO `product_variants` (`id`, `product_id`, `size`, `color`, `stock`, `sku`) VALUES (302, 76, 'M', 'Black', 36, 'SLY-PANT-76-M');
INSERT INTO `product_variants` (`id`, `product_id`, `size`, `color`, `stock`, `sku`) VALUES (303, 76, 'L', 'Black', 138, 'SLY-PANT-76-L');
INSERT INTO `product_variants` (`id`, `product_id`, `size`, `color`, `stock`, `sku`) VALUES (304, 76, 'XL', 'Black', 32, 'SLY-PANT-76-XL');
INSERT INTO `product_variants` (`id`, `product_id`, `size`, `color`, `stock`, `sku`) VALUES (305, 77, 'S', 'Black', 95, 'SLY-PANT-77-S');
INSERT INTO `product_variants` (`id`, `product_id`, `size`, `color`, `stock`, `sku`) VALUES (306, 77, 'M', 'Black', 143, 'SLY-PANT-77-M');
INSERT INTO `product_variants` (`id`, `product_id`, `size`, `color`, `stock`, `sku`) VALUES (307, 77, 'L', 'Black', 130, 'SLY-PANT-77-L');
INSERT INTO `product_variants` (`id`, `product_id`, `size`, `color`, `stock`, `sku`) VALUES (308, 77, 'XL', 'Black', 74, 'SLY-PANT-77-XL');
INSERT INTO `product_variants` (`id`, `product_id`, `size`, `color`, `stock`, `sku`) VALUES (309, 78, 'S', 'Black', 87, 'SLY-PANT-78-S');
INSERT INTO `product_variants` (`id`, `product_id`, `size`, `color`, `stock`, `sku`) VALUES (310, 78, 'M', 'Black', 66, 'SLY-PANT-78-M');
INSERT INTO `product_variants` (`id`, `product_id`, `size`, `color`, `stock`, `sku`) VALUES (311, 78, 'L', 'Black', 55, 'SLY-PANT-78-L');
INSERT INTO `product_variants` (`id`, `product_id`, `size`, `color`, `stock`, `sku`) VALUES (312, 78, 'XL', 'Black', 104, 'SLY-PANT-78-XL');
INSERT INTO `product_variants` (`id`, `product_id`, `size`, `color`, `stock`, `sku`) VALUES (313, 79, 'S', 'Black', 104, 'SLY-PANT-79-S');
INSERT INTO `product_variants` (`id`, `product_id`, `size`, `color`, `stock`, `sku`) VALUES (314, 79, 'M', 'Black', 115, 'SLY-PANT-79-M');
INSERT INTO `product_variants` (`id`, `product_id`, `size`, `color`, `stock`, `sku`) VALUES (315, 79, 'L', 'Black', 68, 'SLY-PANT-79-L');
INSERT INTO `product_variants` (`id`, `product_id`, `size`, `color`, `stock`, `sku`) VALUES (316, 79, 'XL', 'Black', 129, 'SLY-PANT-79-XL');
INSERT INTO `product_variants` (`id`, `product_id`, `size`, `color`, `stock`, `sku`) VALUES (317, 80, 'S', 'Black', 112, 'SLY-PANT-80-S');
INSERT INTO `product_variants` (`id`, `product_id`, `size`, `color`, `stock`, `sku`) VALUES (318, 80, 'M', 'Black', 109, 'SLY-PANT-80-M');
INSERT INTO `product_variants` (`id`, `product_id`, `size`, `color`, `stock`, `sku`) VALUES (319, 80, 'L', 'Black', 53, 'SLY-PANT-80-L');
INSERT INTO `product_variants` (`id`, `product_id`, `size`, `color`, `stock`, `sku`) VALUES (320, 80, 'XL', 'Black', 34, 'SLY-PANT-80-XL');
INSERT INTO `product_variants` (`id`, `product_id`, `size`, `color`, `stock`, `sku`) VALUES (321, 81, 'OS', 'Black', 104, 'SLY-WALLET-81-OS');
INSERT INTO `product_variants` (`id`, `product_id`, `size`, `color`, `stock`, `sku`) VALUES (322, 82, 'OS', 'Black', 109, 'SLY-WALLET-82-OS');
INSERT INTO `product_variants` (`id`, `product_id`, `size`, `color`, `stock`, `sku`) VALUES (323, 83, 'OS', 'Black', 40, 'SLY-WALLET-83-OS');
INSERT INTO `product_variants` (`id`, `product_id`, `size`, `color`, `stock`, `sku`) VALUES (324, 84, 'OS', 'Black', 73, 'SLY-WALLET-84-OS');
INSERT INTO `product_variants` (`id`, `product_id`, `size`, `color`, `stock`, `sku`) VALUES (325, 85, 'OS', 'Black', 85, 'SLY-WALLET-85-OS');
INSERT INTO `product_variants` (`id`, `product_id`, `size`, `color`, `stock`, `sku`) VALUES (326, 86, 'OS', 'Black', 109, 'SLY-WALLET-86-OS');
INSERT INTO `product_variants` (`id`, `product_id`, `size`, `color`, `stock`, `sku`) VALUES (327, 87, 'OS', 'Black', 126, 'SLY-WALLET-87-OS');
INSERT INTO `product_variants` (`id`, `product_id`, `size`, `color`, `stock`, `sku`) VALUES (328, 88, 'OS', 'Black', 116, 'SLY-WALLET-88-OS');
INSERT INTO `product_variants` (`id`, `product_id`, `size`, `color`, `stock`, `sku`) VALUES (329, 89, 'OS', 'Black', 110, 'SLY-WALLET-89-OS');
INSERT INTO `product_variants` (`id`, `product_id`, `size`, `color`, `stock`, `sku`) VALUES (330, 90, 'OS', 'Black', 97, 'SLY-WALLET-90-OS');
INSERT INTO `product_variants` (`id`, `product_id`, `size`, `color`, `stock`, `sku`) VALUES (331, 91, 'OS', 'Black', 30, 'SLY-CAP-91-OS');
INSERT INTO `product_variants` (`id`, `product_id`, `size`, `color`, `stock`, `sku`) VALUES (332, 92, 'OS', 'Black', 141, 'SLY-CAP-92-OS');
INSERT INTO `product_variants` (`id`, `product_id`, `size`, `color`, `stock`, `sku`) VALUES (333, 93, 'OS', 'Black', 48, 'SLY-CAP-93-OS');
INSERT INTO `product_variants` (`id`, `product_id`, `size`, `color`, `stock`, `sku`) VALUES (334, 94, 'OS', 'Black', 147, 'SLY-CAP-94-OS');
INSERT INTO `product_variants` (`id`, `product_id`, `size`, `color`, `stock`, `sku`) VALUES (335, 95, 'OS', 'Black', 52, 'SLY-CAP-95-OS');
INSERT INTO `product_variants` (`id`, `product_id`, `size`, `color`, `stock`, `sku`) VALUES (336, 96, 'OS', 'Black', 39, 'SLY-CAP-96-OS');
INSERT INTO `product_variants` (`id`, `product_id`, `size`, `color`, `stock`, `sku`) VALUES (337, 97, 'OS', 'Black', 68, 'SLY-CAP-97-OS');
INSERT INTO `product_variants` (`id`, `product_id`, `size`, `color`, `stock`, `sku`) VALUES (338, 98, 'OS', 'Black', 139, 'SLY-CAP-98-OS');
INSERT INTO `product_variants` (`id`, `product_id`, `size`, `color`, `stock`, `sku`) VALUES (339, 99, 'OS', 'Black', 116, 'SLY-CAP-99-OS');
INSERT INTO `product_variants` (`id`, `product_id`, `size`, `color`, `stock`, `sku`) VALUES (340, 100, 'OS', 'Black', 99, 'SLY-CAP-100-OS');
INSERT INTO `product_variants` (`id`, `product_id`, `size`, `color`, `stock`, `sku`) VALUES (341, 101, 'OS', 'Black', 94, 'SLY-BACKPACKS-101-OS');
INSERT INTO `product_variants` (`id`, `product_id`, `size`, `color`, `stock`, `sku`) VALUES (342, 102, 'OS', 'Black', 113, 'SLY-BACKPACKS-102-OS');
INSERT INTO `product_variants` (`id`, `product_id`, `size`, `color`, `stock`, `sku`) VALUES (343, 103, 'OS', 'Black', 115, 'SLY-BACKPACKS-103-OS');
INSERT INTO `product_variants` (`id`, `product_id`, `size`, `color`, `stock`, `sku`) VALUES (344, 104, 'OS', 'Black', 40, 'SLY-BACKPACKS-104-OS');
INSERT INTO `product_variants` (`id`, `product_id`, `size`, `color`, `stock`, `sku`) VALUES (345, 105, 'OS', 'Black', 133, 'SLY-BACKPACKS-105-OS');
INSERT INTO `product_variants` (`id`, `product_id`, `size`, `color`, `stock`, `sku`) VALUES (346, 106, 'OS', 'Black', 46, 'SLY-BACKPACKS-106-OS');
INSERT INTO `product_variants` (`id`, `product_id`, `size`, `color`, `stock`, `sku`) VALUES (347, 107, 'OS', 'Black', 40, 'SLY-BACKPACKS-107-OS');
INSERT INTO `product_variants` (`id`, `product_id`, `size`, `color`, `stock`, `sku`) VALUES (348, 108, 'OS', 'Black', 56, 'SLY-BACKPACKS-108-OS');
INSERT INTO `product_variants` (`id`, `product_id`, `size`, `color`, `stock`, `sku`) VALUES (349, 109, 'OS', 'Black', 102, 'SLY-BACKPACKS-109-OS');
INSERT INTO `product_variants` (`id`, `product_id`, `size`, `color`, `stock`, `sku`) VALUES (350, 110, 'OS', 'Black', 73, 'SLY-BACKPACKS-110-OS');

-- ==========================================
-- 8. SEED SAMPLE ORDER FOR ORDER TRACKING
-- ==========================================
INSERT INTO `orders` (`id`, `order_code`, `user_id`, `shipping_address`, `subtotal`, `discount`, `shipping_fee`, `total_amount`, `payment_method`, `payment_status`, `order_status`, `tracking_number`) VALUES
(1, 'SLY-9827361', 2, '123 Nguyen Trai, Ward 2, District 5, Ho Chi Minh City', 730000.00, 0.00, 30000.00, 760000.00, 'COD', 'pending', 'processing', 'GHN-9988223');

INSERT INTO `order_items` (`order_id`, `product_variant_id`, `quantity`, `price`) VALUES
(1, 1, 1, 350000.00), -- Product 1 Size S
(1, 5, 1, 380000.00); -- Product 2 Size S
